antecedente,consecuente,support,confidence,lift,n_antecedentes
ai_dependency_score=alto + motivation_score=bajo + stress_level=alto,burnout_cat=alto,0.03345624606529364,0.9514066496163683,2.7707413664443163,3
daily_ai_tool_usage_hrs=alto + motivation_score=bajo + stress_level=alto,burnout_cat=alto,0.03543484126270348,0.9227166276346604,2.6871886282529567,3
ai_replaces_own_thinking_score=medio + seeks_career_counseling=si + stress_level=alto,burnout_cat=alto,0.03759330875078694,0.9126637554585152,2.6579120735838737,3
motivation_score=bajo + seeks_career_counseling=si + stress_level=alto,burnout_cat=alto,0.04766615702850976,0.9106529209621993,2.6520560052851474,3
daily_ai_tool_usage_hrs=alto + seeks_career_counseling=si + stress_level=alto,burnout_cat=alto,0.031657523158557424,0.9072164948453608,2.6420482467746376,3
ai_replaces_own_thinking_score=medio + motivation_score=bajo + stress_level=alto,burnout_cat=alto,0.04460832808705819,0.8904847396768403,2.59332106350623,3
ai_dependency_score=alto + ai_replaces_own_thinking_score=medio + stress_level=alto,burnout_cat=alto,0.03804298947747099,0.8867924528301886,2.582568172608399,3
ai_dependency_score=alto + placement_anxiety_score=alto + stress_level=alto,burnout_cat=alto,0.04020145696555446,0.8816568047337279,2.567611841758596,3
ai_dependency_score=alto + stress_level=alto + weekly_job_application_count=alto,burnout_cat=alto,0.04235992445363792,0.8803738317757009,2.5638754938486166,3
ai_dependency_score=alto + stream=cs/it + stress_level=alto,burnout_cat=alto,0.035075096681356235,0.8803611738148983,2.563838630604467,3
ai_dependency_score=alto + interview_anxiety_score=alto + stress_level=alto,burnout_cat=alto,0.039661840093533594,0.8784860557768925,2.5583778036100755,3
fear_of_job_loss_to_ai=alto + motivation_score=bajo + stress_level=alto,burnout_cat=alto,0.0679017897292922,0.877906976744186,2.556691376222788,3
motivation_score=bajo + stream=cs/it + stress_level=alto,burnout_cat=alto,0.04379890277902689,0.8774774774774775,2.555440563664765,3
ai_dependency_score=alto + fear_of_job_loss_to_ai=alto + stress_level=alto,burnout_cat=alto,0.04487813652306862,0.8739054290718039,2.545037838095701,3
ai_dependency_score=alto + resume_confidence_score=bajo + stress_level=alto,burnout_cat=alto,0.03102797014119975,0.8734177215189874,2.5436175080067107,3
internship_experience=1 + motivation_score=bajo + stress_level=alto,burnout_cat=alto,0.03003867254249483,0.8720626631853786,2.5396712289047207,3
ai_dependency_score=alto + stress_level=alto,burnout_cat=alto,0.048025901609857,0.8711256117455138,2.536942293608792,2
ai_dependency_score=alto + daily_ai_tool_usage_hrs=alto + stress_level=alto,burnout_cat=alto,0.0364241388614084,0.8709677419354838,2.536482536034742,3
motivation_score=bajo + resume_confidence_score=bajo + stress_level=alto,burnout_cat=alto,0.05674970770752766,0.8667582417582418,2.52422338661862,3
seeks_career_counseling=si + stream=cs/it + stress_level=alto,burnout_cat=alto,0.04173037143628024,0.8656716417910448,2.5210589274684723,3
interview_anxiety_score=alto + motivation_score=bajo + stress_level=alto,burnout_cat=alto,0.06655274754924004,0.8654970760233919,2.5205505469628324,3
college_tier=tier_3 + motivation_score=bajo + stress_level=alto,burnout_cat=alto,0.04325928590700603,0.8651079136690648,2.5194172058895576,3
motivation_score=bajo + stress_level=alto + weekly_job_application_count=alto,burnout_cat=alto,0.06808166201996582,0.8621867881548974,2.5109101355406764,3
daily_study_hours=bajo + motivation_score=bajo + stress_level=alto,burnout_cat=alto,0.03372605450130407,0.860091743119266,2.504808824448171,3
degree_type=b.tech/b.e. + motivation_score=bajo + stress_level=alto,burnout_cat=alto,0.03471535210000899,0.8596881959910913,2.503633591206114,3
ai_dependency_score=alto + sleep_hours=medio + stress_level=alto,burnout_cat=alto,0.030668225559852505,0.8589420654911839,2.5014606668927377,3
ai_replaces_own_thinking_score=medio + daily_ai_tool_usage_hrs=alto + stress_level=alto,burnout_cat=alto,0.03930209551218635,0.8568627450980393,2.495405150011812,3
motivation_score=bajo + placement_anxiety_score=alto + stress_level=alto,burnout_cat=alto,0.0661930029678928,0.8558139534883722,2.4923507985430096,3
daily_study_hours=medio + motivation_score=bajo + stress_level=alto,burnout_cat=alto,0.04002158467488084,0.8557692307692308,2.4922205544586373,3
motivation_score=bajo + stress_level=alto,burnout_cat=alto,0.07770482957100458,0.8554455445544553,2.491277896778677,2
degree_type=b.tech/b.e. + seeks_career_counseling=si + stress_level=alto,burnout_cat=alto,0.03336630991995683,0.8548387096774194,2.4895106372192837,3
motivation_score=bajo + social_media_hrs_per_day=medio + stress_level=alto,burnout_cat=alto,0.03210720388524148,0.8520286396181385,2.4813269889769725,3
fear_of_job_loss_to_ai=alto + seeks_career_counseling=si + stress_level=alto,burnout_cat=alto,0.06394459933447252,0.851497005988024,2.4797787348299734,3
career_clarity_score=bajo + motivation_score=bajo + stress_level=alto,burnout_cat=alto,0.03201726773990467,0.8496420047732698,2.47437649320953,3
motivation_score=bajo + sleep_hours=medio + stress_level=alto,burnout_cat=alto,0.05009443295260365,0.8490853658536585,2.472755417214989,3
career_clarity_score=medio + motivation_score=bajo + stress_level=alto,burnout_cat=alto,0.03471535210000899,0.8483516483516482,2.4706186427506487,3
ai_replaces_own_thinking_score=medio + stream=cs/it + stress_level=alto,burnout_cat=alto,0.04146056300026981,0.8474264705882354,2.4679242866607094,3
career_clarity_score=medio + seeks_career_counseling=si + stress_level=alto,burnout_cat=alto,0.033905926791977695,0.847191011235955,2.4672385683427405,3
resume_confidence_score=bajo + seeks_career_counseling=si + stress_level=alto,burnout_cat=alto,0.04901519920856192,0.8462732919254657,2.4645659331899563,3
seeks_career_counseling=si + social_media_hrs_per_day=medio + stress_level=alto,burnout_cat=alto,0.03201726773990467,0.8456057007125891,2.462621735522074,3
ai_replaces_own_thinking_score=medio + interview_anxiety_score=alto + stress_level=alto,burnout_cat=alto,0.0521629642953503,0.8442503639010189,2.4586746454204897,3
interview_anxiety_score=alto + seeks_career_counseling=si + stress_level=alto,burnout_cat=alto,0.0637647270437989,0.8430439952437575,2.455161388977302,3
college_tier=tier_3 + seeks_career_counseling=si + stress_level=alto,burnout_cat=alto,0.043169349761669217,0.8391608391608393,2.4438526376713914,3
seeks_career_counseling=si + stress_level=alto,burnout_cat=alto,0.07365770303084809,0.8365679264555669,2.43630140761117,2
placement_anxiety_score=alto + seeks_career_counseling=si + stress_level=alto,burnout_cat=alto,0.06349491860778847,0.8364928909952607,2.4360828850121274,3
ai_replaces_own_thinking_score=medio + fear_of_job_loss_to_ai=alto + stress_level=alto,burnout_cat=alto,0.05585034625415955,0.8324396782841824,2.4242788849769052,3
ai_replaces_own_thinking_score=medio + resume_confidence_score=bajo + stress_level=alto,burnout_cat=alto,0.041910243726953865,0.8321428571428572,2.423414465314675,3
seeks_career_counseling=si + stress_level=alto + weekly_job_application_count=alto,burnout_cat=alto,0.06358485475312528,0.831764705882353,2.4223131913844638,3
ai_replaces_own_thinking_score=medio + placement_anxiety_score=alto + stress_level=alto,burnout_cat=alto,0.05153341127799262,0.8316400580551524,2.4219501847866,3
ai_dependency_score=alto + motivation_score=bajo + seeks_career_counseling=si,burnout_cat=alto,0.05432143178343376,0.8308115543328748,2.4195373684199146,3
ai_replaces_own_thinking_score=medio + stress_level=alto + weekly_job_application_count=alto,burnout_cat=alto,0.053871751056749705,0.8296398891966759,2.4161251775740804,3
seeks_career_counseling=si + sleep_hours=medio + stress_level=alto,burnout_cat=alto,0.04766615702850976,0.8294209702660407,2.415487629226848,3
daily_study_hours=medio + seeks_career_counseling=si + stress_level=alto,burnout_cat=alto,0.04011152082021765,0.8289962825278812,2.4142508290800184,3
career_clarity_score=bajo + seeks_career_counseling=si + stress_level=alto,burnout_cat=alto,0.03003867254249483,0.8267326732673268,2.40765861552106,3
ai_dependency_score=medio + seeks_career_counseling=si + stress_level=alto,burnout_cat=alto,0.033006565338609586,0.8265765765765765,2.407204021727332,3
ai_replaces_own_thinking_score=medio + college_tier=tier_3 + stress_level=alto,burnout_cat=alto,0.03417573522798813,0.826086956521739,2.4057781219395538,3
ai_dependency_score=medio + motivation_score=bajo + stress_level=alto,burnout_cat=alto,0.03336630991995683,0.8244444444444443,2.4009947034514867,3
ai_replaces_own_thinking_score=medio + stress_level=alto,burnout_cat=alto,0.0620559402823995,0.8243727598566309,2.400785939456752,2
ai_replaces_own_thinking_score=medio + sleep_hours=medio + stress_level=alto,burnout_cat=alto,0.03993164852954403,0.8222222222222223,2.3945230196146907,3
daily_ai_tool_usage_hrs=alto + stream=cs/it + stress_level=alto,burnout_cat=alto,0.04280960518032197,0.8221070811744388,2.394187699208639,3
daily_study_hours=bajo + fear_of_job_loss_to_ai=alto + stress_level=alto,burnout_cat=alto,0.0364241388614084,0.8198380566801619,2.387579715093431,3
daily_ai_tool_usage_hrs=alto + placement_anxiety_score=alto + stress_level=alto,burnout_cat=alto,0.04496807266840543,0.8196721311475409,2.387096497179022,3
daily_ai_tool_usage_hrs=medio + motivation_score=bajo + stress_level=alto,burnout_cat=alto,0.03318643762928321,0.8181818181818181,2.3827563217296057,3
daily_ai_tool_usage_hrs=alto + resume_confidence_score=bajo + stress_level=alto,burnout_cat=alto,0.03435560751866175,0.8179871520342612,2.382189403737284,3
daily_ai_tool_usage_hrs=alto + interview_anxiety_score=alto + stress_level=alto,burnout_cat=alto,0.045237881104415865,0.8165584415584415,2.378028630615063,3
daily_ai_tool_usage_hrs=alto + fear_of_job_loss_to_ai=alto + stress_level=alto,burnout_cat=alto,0.04901519920856192,0.8146487294469357,2.372467056762828,3
daily_ai_tool_usage_hrs=medio + seeks_career_counseling=si + stress_level=alto,burnout_cat=alto,0.031927331594567857,0.8142201834862385,2.3712190204776022,3
ai_replaces_own_thinking_score=bajo + motivation_score=bajo + stress_level=alto,burnout_cat=alto,0.0330965014839464,0.8123620309050772,2.365807601265991,3
daily_study_hours=bajo + stress_level=alto + weekly_job_application_count=alto,burnout_cat=alto,0.03696375573342926,0.8122529644268774,2.365489971572145,3
daily_ai_tool_usage_hrs=alto + stress_level=alto + weekly_job_application_count=alto,burnout_cat=alto,0.04775609317384657,0.8119266055045872,2.364539530279074,3
daily_ai_tool_usage_hrs=alto + sleep_hours=medio + stress_level=alto,burnout_cat=alto,0.03588452198938753,0.8076923076923076,2.3522081637587133,3
daily_ai_tool_usage_hrs=alto + motivation_score=bajo + seeks_career_counseling=si,burnout_cat=alto,0.052972389603381596,0.8046448087431693,2.343333061397407,3
daily_study_hours=bajo + interview_anxiety_score=alto + stress_level=alto,burnout_cat=alto,0.03678388344275564,0.8003913894324852,2.3309460081455744,3
daily_study_hours=bajo + resume_confidence_score=bajo + stress_level=alto,burnout_cat=alto,0.03372605450130407,0.7995735607675906,2.328564280297234,3
daily_study_hours=bajo + stress_level=alto,burnout_cat=alto,0.04101088227358576,0.798598949211909,2.325725960263807,2
daily_ai_tool_usage_hrs=alto + stress_level=alto,burnout_cat=alto,0.055220793236801874,0.798439531859558,2.3252616958476753,2
motivation_score=bajo + placement_anxiety_score=alto + uses_ai_for_assignments=frequently,burnout_cat=alto,0.031927331594567857,0.797752808988764,2.323261781861201,3
college_tier=tier_3 + daily_ai_tool_usage_hrs=alto + stress_level=alto,burnout_cat=alto,0.030578289414515694,0.7962529274004685,2.318893740116765,3
ai_replaces_own_thinking_score=medio + daily_study_hours=medio + stress_level=alto,burnout_cat=alto,0.030848097850526127,0.7958236658932716,2.317643619975717,3
ai_dependency_score=alto + motivation_score=bajo + placement_anxiety_score=alto,burnout_cat=alto,0.06502383307851425,0.7945054945054945,2.3138047651667346,3
daily_study_hours=bajo + placement_anxiety_score=alto + stress_level=alto,burnout_cat=alto,0.03354618221063045,0.7936170212765957,2.311217302141034,3
ai_dependency_score=alto + interview_anxiety_score=alto + motivation_score=bajo,burnout_cat=alto,0.06574332224120874,0.7860215053763441,2.2890972022733287,3
fear_of_job_loss_to_ai=alto + internship_experience=1 + stress_level=alto,burnout_cat=alto,0.03786311718679737,0.7854477611940298,2.287426311345316,3
placement_anxiety_score=alto + stress_level=alto + uses_ai_for_assignments=sometimes,burnout_cat=alto,0.03237701232125191,0.7826086956521738,2.2791582207848404,3
interview_anxiety_score=alto + stress_level=alto + uses_ai_for_assignments=sometimes,burnout_cat=alto,0.032916629193272776,0.782051282051282,2.2775348887187543,3
motivation_score=bajo + seeks_career_counseling=no + stress_level=alto,burnout_cat=alto,0.03003867254249483,0.780373831775701,2.272649721192776,3
fear_of_job_loss_to_ai=alto + stress_level=alto + uses_ai_for_assignments=sometimes,burnout_cat=alto,0.034985160536019425,0.779559118236473,2.2702770653932274,3
stress_level=alto + uses_ai_for_assignments=sometimes + weekly_job_application_count=alto,burnout_cat=alto,0.03588452198938753,0.779296875,2.2695133455015712,3
interview_anxiety_score=alto + social_media_hrs_per_day=alto + stress_level=alto,burnout_cat=alto,0.03129777857721018,0.7785234899328859,2.2672610488642633,3
resume_confidence_score=bajo + stream=cs/it + stress_level=alto,burnout_cat=alto,0.04334922205234284,0.77491961414791,2.256765633763911,3
fear_of_job_loss_to_ai=alto + resume_confidence_score=bajo + stress_level=alto,burnout_cat=alto,0.06772191743861858,0.7746913580246914,2.2561008931054327,3
fear_of_job_loss_to_ai=alto + social_media_hrs_per_day=alto + stress_level=alto,burnout_cat=alto,0.03120784243187337,0.7745535714285714,2.2556996230262665,3
internship_experience=1 + interview_anxiety_score=alto + stress_level=alto,burnout_cat=alto,0.03795305333213418,0.7728937728937728,2.250865861918769,3
ai_dependency_score=alto + placement_anxiety_score=alto + seeks_career_counseling=si,burnout_cat=alto,0.055220793236801874,0.7723270440251573,2.2492154013922794,3
ai_replaces_own_thinking_score=bajo + seeks_career_counseling=si + stress_level=alto,burnout_cat=alto,0.036064394280061154,0.7696737044145873,2.2414881926102135,3
placement_anxiety_score=alto + stream=cs/it + stress_level=alto,burnout_cat=alto,0.057559133015558955,0.7692307692307693,2.240198251198775,3
career_clarity_score=bajo + resume_confidence_score=bajo + stress_level=alto,burnout_cat=alto,0.03237701232125191,0.7692307692307692,2.2401982511987746,3
fear_of_job_loss_to_ai=alto + stream=cs/it + stress_level=alto,burnout_cat=alto,0.06034715352100009,0.7677345537757436,2.2358408861792807,3
career_clarity_score=bajo + fear_of_job_loss_to_ai=alto + stress_level=alto,burnout_cat=alto,0.03669394729741883,0.7669172932330827,2.2334608128493048,3
interview_anxiety_score=alto + stream=cs/it + stress_level=alto,burnout_cat=alto,0.057379260724885334,0.7668269230769231,2.2331976316637787,3
internship_experience=1 + placement_anxiety_score=alto + stress_level=alto,burnout_cat=alto,0.03768324489612375,0.7659963436928702,2.230778770435051,3
interview_anxiety_score=alto + motivation_score=bajo + uses_ai_for_assignments=frequently,burnout_cat=alto,0.03201726773990467,0.7655913978494623,2.229599463773748,3
internship_experience=1 + stress_level=alto + weekly_job_application_count=alto,burnout_cat=alto,0.03768324489612375,0.7645985401459854,2.2267080062554245,3
motivation_score=bajo + seeks_career_counseling=si + stream=cs/it,burnout_cat=alto,0.06700242827592409,0.764102564102564,2.225263596190783,3
ai_dependency_score=alto + career_clarity_score=bajo + seeks_career_counseling=si,burnout_cat=alto,0.031747459303894235,0.764069264069264,2.22516661791151,3
internship_experience=1 + resume_confidence_score=bajo + stress_level=alto,burnout_cat=alto,0.035165032826693046,0.763671875,2.224009318524096,3
daily_ai_tool_usage_hrs=alto + motivation_score=bajo + placement_anxiety_score=alto,burnout_cat=alto,0.0653835776598615,0.7628541448058761,2.221627877448019,3
interview_anxiety_score=alto + motivation_score=bajo + seeks_career_counseling=si,burnout_cat=alto,0.08984620919147406,0.7620137299771167,2.21918037286945,3
motivation_score=bajo + placement_anxiety_score=alto + seeks_career_counseling=si,burnout_cat=alto,0.08696825254069611,0.7608182533438238,2.215698836807223,3
ai_dependency_score=alto + interview_anxiety_score=alto + seeks_career_counseling=si,burnout_cat=alto,0.053781814911412894,0.7598475222363406,2.2128718176390443,3
daily_study_hours=medio + motivation_score=bajo + seeks_career_counseling=si,burnout_cat=alto,0.047486284737836136,0.7597122302158273,2.212477812406963,3
placement_anxiety_score=alto + social_media_hrs_per_day=alto + stress_level=alto,burnout_cat=alto,0.03012860868783164,0.7596371882086167,2.2122592707416473,3
interview_anxiety_score=alto + resume_confidence_score=bajo + stress_level=alto,burnout_cat=alto,0.0695206403453548,0.7593320235756384,2.211370552681384,3
college_tier=tier_3 + stream=cs/it + stress_level=alto,burnout_cat=alto,0.039661840093533594,0.7590361445783134,2.2105088767852976,3
stream=cs/it + stress_level=alto + weekly_job_application_count=alto,burnout_cat=alto,0.06061696195701052,0.7590090090090089,2.210429851013926,3
fear_of_job_loss_to_ai=alto + motivation_score=bajo + seeks_career_counseling=si,burnout_cat=alto,0.09623167551038762,0.7583274273564847,2.208444909580082,3
internship_experience=1 + stress_level=alto,burnout_cat=alto,0.043978775069700514,0.7581395348837209,2.207897718274513,2
career_clarity_score=bajo + placement_anxiety_score=alto + stress_level=alto,burnout_cat=alto,0.04029139311089127,0.7580372250423013,2.2075997656483364,3
ai_replaces_own_thinking_score=medio + motivation_score=bajo + seeks_career_counseling=si,burnout_cat=alto,0.0737476391761849,0.7578558225508317,2.2070714748409372,3
fear_of_job_loss_to_ai=alto + interview_anxiety_score=alto + stress_level=alto,burnout_cat=alto,0.09119525137152622,0.757847533632287,2.2070473353738604,3
career_clarity_score=bajo + stress_level=alto + weekly_job_application_count=alto,burnout_cat=alto,0.03651407500674521,0.7574626865671641,2.2059265615349126,3
stress_level=alto + uses_ai_for_assignments=sometimes,burnout_cat=alto,0.039841712384207216,0.7572649572649574,2.205350722846794,2
internship_experience=1 + sleep_hours=medio + stress_level=alto,burnout_cat=alto,0.03021854483316845,0.7567567567567567,2.203870711990146,3
career_clarity_score=bajo + interview_anxiety_score=alto + stress_level=alto,burnout_cat=alto,0.03804298947747099,0.7567084078711985,2.203729907574609,3
social_media_hrs_per_day=alto + stress_level=alto + weekly_job_application_count=alto,burnout_cat=alto,0.03120784243187337,0.75599128540305,2.201641462125855,3
college_tier=tier_3 + fear_of_job_loss_to_ai=alto + stress_level=alto,burnout_cat=alto,0.059717600503642415,0.7554038680318543,2.199930751347875,3
career_clarity_score=medio + motivation_score=bajo + seeks_career_counseling=si,burnout_cat=alto,0.047306412447162514,0.7546628407460545,2.197772688909214,3
resume_confidence_score=bajo + stress_level=alto + weekly_job_application_count=alto,burnout_cat=alto,0.06799172587462901,0.7544910179640718,2.1972722966847864,3
ai_dependency_score=alto + seeks_career_counseling=si + stream=cs/it,burnout_cat=alto,0.051803219714003056,0.7529411764705882,2.192758758820448,3
career_clarity_score=bajo + stress_level=alto,burnout_cat=alto,0.04164043529094343,0.7528455284552845,2.19248020714885,2
internship_experience=1 + motivation_score=bajo + seeks_career_counseling=si,burnout_cat=alto,0.046317114848457595,0.7518248175182481,2.1895076338358828,3
placement_anxiety_score=alto + resume_confidence_score=bajo + stress_level=alto,burnout_cat=alto,0.06934076805468117,0.7514619883040935,2.18845098165354,3
motivation_score=bajo + seeks_career_counseling=si + uses_ai_for_assignments=sometimes,burnout_cat=alto,0.03750337260545013,0.7513513513513513,2.188128778333074,3
fear_of_job_loss_to_ai=alto + placement_anxiety_score=alto + stress_level=alto,burnout_cat=alto,0.09119525137152622,0.7511111111111111,2.1874291368372036,3
daily_ai_tool_usage_hrs=alto + interview_anxiety_score=alto + motivation_score=bajo,burnout_cat=alto,0.06763198129328177,0.7497507477567298,2.18346740814748,3
fear_of_job_loss_to_ai=alto + stress_level=alto + weekly_job_application_count=alto,burnout_cat=alto,0.09344365500494649,0.749098774333093,2.181568693506983,3
degree_type=b.tech/b.e. + fear_of_job_loss_to_ai=alto + stress_level=alto,burnout_cat=alto,0.04649698713913122,0.7481910274963821,2.1789251007680126,3
ai_dependency_score=alto + ai_replaces_own_thinking_score=medio + seeks_career_counseling=si,burnout_cat=alto,0.060886770393020956,0.7480662983425413,2.1785618573260126,3
degree_type=b.tech/b.e. + resume_confidence_score=bajo + stress_level=alto,burnout_cat=alto,0.03363611835596726,0.748,2.1783687794656887,3
fear_of_job_loss_to_ai=alto + social_media_hrs_per_day=medio + stress_level=alto,burnout_cat=alto,0.047486284737836136,0.7478753541076487,2.178005778502605,3
stream=cs/it + stress_level=alto,burnout_cat=alto,0.06970051263602842,0.7473481195756991,2.1764703356632262,2
resume_confidence_score=bajo + stress_level=alto,burnout_cat=alto,0.07887399946038313,0.7463829787234043,2.1736595967589136,2
career_clarity_score=medio + stream=cs/it + stress_level=alto,burnout_cat=alto,0.035165032826693046,0.7461832061068702,2.173077807412857,3
social_media_hrs_per_day=alto + stress_level=alto,burnout_cat=alto,0.03669394729741883,0.7458866544789762,2.1722141726431996,2
fear_of_job_loss_to_ai=alto + sleep_hours=bajo + stress_level=alto,burnout_cat=alto,0.03111790628653656,0.7456896551724137,2.1716404598905363,3
ai_dependency_score=alto + resume_confidence_score=bajo + seeks_career_counseling=si,burnout_cat=alto,0.049554816080582785,0.7456021650879567,2.171385666216079,3
career_clarity_score=medio + resume_confidence_score=bajo + stress_level=alto,burnout_cat=alto,0.03579458584405072,0.745318352059925,2.170559129532296,3
ai_dependency_score=alto + fear_of_job_loss_to_ai=alto + seeks_career_counseling=si,burnout_cat=alto,0.0661930029678928,0.7449392712550607,2.1694551485293396,3
degree_type=b.sc/b.a/b.com + interview_anxiety_score=alto + stress_level=alto,burnout_cat=alto,0.030668225559852505,0.7445414847161572,2.1682966916078974,3
career_clarity_score=medio + fear_of_job_loss_to_ai=alto + stress_level=alto,burnout_cat=alto,0.052702581167371164,0.7427122940430926,2.162969616936916,3
college_tier=tier_3 + resume_confidence_score=bajo + stress_level=alto,burnout_cat=alto,0.046137242557783974,0.7424023154848046,2.1620668794854745,3
ai_dependency_score=alto + degree_type=b.tech/b.e. + seeks_career_counseling=si,burnout_cat=alto,0.03201726773990467,0.7416666666666666,2.1599244805308184,3
ai_dependency_score=alto + motivation_score=bajo + uses_ai_for_assignments=frequently,burnout_cat=alto,0.0356147135533771,0.7415730337078651,2.1596517972230886,3
fear_of_job_loss_to_ai=alto + stress_level=alto,burnout_cat=alto,0.10630452378811044,0.7415307402760352,2.159528627849459,2
daily_ai_tool_usage_hrs=alto + placement_anxiety_score=alto + seeks_career_counseling=si,burnout_cat=alto,0.056479899271517225,0.7414403778040143,2.159265469042125,3
ai_dependency_score=alto + college_tier=tier_3 + motivation_score=bajo,burnout_cat=alto,0.05027430524327727,0.7413793103448276,2.1590876248622677,3
sleep_hours=medio + stream=cs/it + stress_level=alto,burnout_cat=alto,0.04433851965104776,0.7413533834586467,2.1590121190876617,3
ai_dependency_score=alto + daily_ai_tool_usage_hrs=alto + seeks_career_counseling=si,burnout_cat=alto,0.05369187876607608,0.7406947890818859,2.157094122525272,3
degree_type=b.tech/b.e. + interview_anxiety_score=alto + stress_level=alto,burnout_cat=alto,0.04568756183109992,0.7405247813411079,2.1565990161686166,3
degree_type=b.sc/b.a/b.com + fear_of_job_loss_to_ai=alto + stress_level=alto,burnout_cat=alto,0.03255688461192553,0.7402862985685071,2.1559044928714592,3
ai_dependency_score=alto + career_clarity_score=bajo + motivation_score=bajo,burnout_cat=alto,0.036064394280061154,0.7398523985239852,2.154640864114246,3
ai_dependency_score=alto + daily_study_hours=bajo + seeks_career_counseling=si,burnout_cat=alto,0.03759330875078694,0.7398230088495575,2.154555273807813,3
interview_anxiety_score=alto + stress_level=alto + weekly_job_application_count=alto,burnout_cat=alto,0.09047576220883173,0.7397058823529412,2.154214171263057,3
degree_type=b.tech/b.e. + motivation_score=bajo + seeks_career_counseling=si,burnout_cat=alto,0.05207302815001349,0.7394636015325671,2.1535085870719257,3
ai_dependency_score=alto + seeks_career_counseling=si,burnout_cat=alto,0.0737476391761849,0.739404869251578,2.153337543532817,2
resume_confidence_score=bajo + social_media_hrs_per_day=medio + stress_level=alto,burnout_cat=alto,0.034895224390682614,0.7390476190476191,2.152297138866023,3
college_tier=tier_3 + interview_anxiety_score=alto + stress_level=alto,burnout_cat=alto,0.06160625955571544,0.738942826321467,2.1519919554395996,3
degree_type=b.tech/b.e. + placement_anxiety_score=alto + stress_level=alto,burnout_cat=alto,0.04604730641244716,0.7388167388167388,2.1516247561297326,3
fear_of_job_loss_to_ai=alto + motivation_score=bajo + uses_ai_for_assignments=frequently,burnout_cat=alto,0.03885241478550229,0.7384615384615384,2.150590321150824,3
degree_type=b.sc/b.a/b.com + placement_anxiety_score=alto + stress_level=alto,burnout_cat=alto,0.030668225559852505,0.738095238095238,2.1495235600788245,3
interview_anxiety_score=alto + placement_anxiety_score=alto + stress_level=alto,burnout_cat=alto,0.09299397427826243,0.7380442541042113,2.149375081557026,3
ai_dependency_score=alto + seeks_career_counseling=si + weekly_job_application_count=alto,burnout_cat=alto,0.06277542944509398,0.7370644139387539,2.14652153446438,3
college_tier=tier_3 + motivation_score=bajo + seeks_career_counseling=si,burnout_cat=alto,0.0670923644212609,0.7364264560710759,2.1446636367350167,3
ai_dependency_score=medio + resume_confidence_score=bajo + stress_level=alto,burnout_cat=alto,0.0356147135533771,0.7360594795539033,2.143594906537415,3
ai_dependency_score=alto + internship_experience=1 + motivation_score=bajo,burnout_cat=alto,0.03660401115208202,0.7359855334538878,2.143379556436296,3
placement_anxiety_score=alto + stress_level=alto + weekly_job_application_count=alto,burnout_cat=alto,0.09065563449950535,0.7357664233576643,2.1427414513656022,3
interview_anxiety_score=alto + stress_level=alto,burnout_cat=alto,0.10288695026531162,0.7356913183279743,2.142522726162584,2
motivation_score=bajo + seeks_career_counseling=si + social_media_hrs_per_day=alto,burnout_cat=alto,0.04793596546452019,0.7351724137931035,2.1410115424215603,3
placement_anxiety_score=alto + social_media_hrs_per_day=medio + stress_level=alto,burnout_cat=alto,0.046317114848457595,0.7346647646219686,2.1395331372005417,3
fear_of_job_loss_to_ai=alto + sleep_hours=medio + stress_level=alto,burnout_cat=alto,0.06898102347333393,0.7332695984703632,2.135470053795696,3
interview_anxiety_score=alto + social_media_hrs_per_day=medio + stress_level=alto,burnout_cat=alto,0.045237881104415865,0.7321688500727802,2.1322643907698384,3
daily_ai_tool_usage_hrs=alto + interview_anxiety_score=alto + seeks_career_counseling=si,burnout_cat=alto,0.05701951614353809,0.7321016166281756,2.1320685896513054,3
career_clarity_score=medio + interview_anxiety_score=alto + stress_level=alto,burnout_cat=alto,0.049644752225919596,0.7320954907161804,2.132050749416765,3
resume_confidence_score=bajo + sleep_hours=medio + stress_level=alto,burnout_cat=alto,0.051353538987319,0.732051282051282,2.131922002390834,3
degree_type=b.sc/b.a/b.com + stress_level=alto + weekly_job_application_count=alto,burnout_cat=alto,0.033905926791977695,0.7320388349514563,2.131885753228193,3
fear_of_job_loss_to_ai=alto + internship_experience=2 + stress_level=alto,burnout_cat=alto,0.033905926791977695,0.7320388349514563,2.131885753228193,3
placement_anxiety_score=alto + sleep_hours=bajo + stress_level=alto,burnout_cat=alto,0.03021854483316845,0.7320261437908496,2.1318487932976575,3
social_media_hrs_per_day=medio + stress_level=alto + weekly_job_application_count=alto,burnout_cat=alto,0.0488353269178883,0.7318059299191375,2.1312074737482685,3
college_tier=tier_3 + stress_level=alto + weekly_job_application_count=alto,burnout_cat=alto,0.06268549329975717,0.7313746065057712,2.129951348805047,3
fear_of_job_loss_to_ai=alto + motivation_score=bajo + sleep_hours=bajo,burnout_cat=alto,0.0364241388614084,0.7310469314079422,2.1289970744695936,3
ai_dependency_score=alto + fear_of_job_loss_to_ai=alto + motivation_score=bajo,burnout_cat=alto,0.08319093443655005,0.7306477093206951,2.1278344368613955,3
placement_anxiety_score=alto + stress_level=alto,burnout_cat=alto,0.10315675870132206,0.7305732484076434,2.127617587492034,2
sleep_hours=bajo + stress_level=alto + weekly_job_application_count=alto,burnout_cat=alto,0.031927331594567857,0.7304526748971193,2.127266446354392,3
ai_dependency_score=alto + seeks_career_counseling=si + sleep_hours=medio,burnout_cat=alto,0.04919507149923554,0.7303070761014686,2.126842425136781,3
college_tier=tier_3 + placement_anxiety_score=alto + stress_level=alto,burnout_cat=alto,0.060796834247684145,0.7300215982721382,2.126011040122552,3
internship_experience=2 + interview_anxiety_score=alto + stress_level=alto,burnout_cat=alto,0.0322870761759151,0.7296747967479674,2.1250010647042035,3
internship_experience=2 + motivation_score=bajo + seeks_career_counseling=si,burnout_cat=alto,0.0314776508678838,0.7291666666666666,2.1235212589488386,3
ai_dependency_score=alto + daily_study_hours=medio + seeks_career_counseling=si,burnout_cat=alto,0.03120784243187337,0.7289915966386554,2.123011409907074,3
interview_anxiety_score=alto + motivation_score=bajo + sleep_hours=bajo,burnout_cat=alto,0.03237701232125191,0.728744939271255,2.12229308008305,3
career_clarity_score=medio + placement_anxiety_score=alto + stress_level=alto,burnout_cat=alto,0.052972389603381596,0.7280593325092707,2.12029641649308,3
ai_dependency_score=alto + motivation_score=bajo + social_media_hrs_per_day=alto,burnout_cat=alto,0.03750337260545013,0.7277486910994764,2.119391748647218,3
interview_anxiety_score=alto + sleep_hours=medio + stress_level=alto,burnout_cat=alto,0.06700242827592409,0.7275390625,2.118781256138685,3
daily_study_hours=medio + stream=cs/it + stress_level=alto,burnout_cat=alto,0.03903228707617591,0.7269681742043551,2.1171186822886914,3
ai_dependency_score=medio + interview_anxiety_score=alto + stress_level=alto,burnout_cat=alto,0.04694666786581527,0.7260083449235049,2.1143234120493584,3
college_tier=tier_3 + social_media_hrs_per_day=medio + stress_level=alto,burnout_cat=alto,0.031657523158557424,0.7257731958762886,2.11363859741971,3
internship_experience=2 + placement_anxiety_score=alto + stress_level=alto,burnout_cat=alto,0.033995862937314505,0.7255278310940498,2.1129240319368097,3
sleep_hours=medio + social_media_hrs_per_day=medio + stress_level=alto,burnout_cat=alto,0.03849267020415505,0.7254237288135593,2.112620859266099,3
ai_dependency_score=alto + college_tier=tier_3 + seeks_career_counseling=si,burnout_cat=alto,0.0405612015469017,0.72508038585209,2.1116209560737005,3
ai_dependency_score=alto + career_clarity_score=medio + seeks_career_counseling=si,burnout_cat=alto,0.03201726773990467,0.725050916496945,2.1115351337164827,3
motivation_score=bajo + seeks_career_counseling=si + weekly_job_application_count=alto,burnout_cat=alto,0.1018077165212699,0.7247119078104993,2.110547853050011,3
daily_study_hours=medio + fear_of_job_loss_to_ai=alto + stress_level=alto,burnout_cat=alto,0.05719938843421171,0.7243735763097949,2.1095625445229462,3
motivation_score=bajo + seeks_career_counseling=si,burnout_cat=alto,0.11862577569925353,0.7243272926963207,2.109427754711993,2
placement_anxiety_score=alto + sleep_hours=medio + stress_level=alto,burnout_cat=alto,0.0670923644212609,0.7242718446601941,2.109266275740361,3
ai_replaces_own_thinking_score=medio + placement_anxiety_score=alto + seeks_career_counseling=si,burnout_cat=alto,0.07086968252540696,0.7235996326905417,2.1073086212378556,3
college_tier=tier_2 + placement_anxiety_score=alto + stress_level=alto,burnout_cat=alto,0.0330965014839464,0.7229862475442043,2.1055222856060785,3
social_media_hrs_per_day=medio + stress_level=alto,burnout_cat=alto,0.05585034625415955,0.7229336437718278,2.1053690898635287,2
degree_type=b.sc/b.a/b.com + stress_level=alto,burnout_cat=alto,0.03858260634949186,0.7222222222222222,2.10329724695885,2
career_clarity_score=medio + college_tier=tier_3 + stress_level=alto,burnout_cat=alto,0.034895224390682614,0.7211895910780669,2.1002899589305986,3
stress_level=alto + weekly_job_application_count=alto,burnout_cat=alto,0.1084629912761939,0.7208607292289301,2.0993322284694798,2
daily_ai_tool_usage_hrs=medio + resume_confidence_score=bajo + stress_level=alto,burnout_cat=alto,0.03453547980933537,0.7204502814258912,2.0981368986837308,3
college_tier=tier_2 + fear_of_job_loss_to_ai=alto + stress_level=alto,burnout_cat=alto,0.03660401115208202,0.720353982300885,2.0978564508128708,3
career_clarity_score=medio + stress_level=alto + weekly_job_application_count=alto,burnout_cat=alto,0.052792517312707975,0.7202453987730062,2.0975402275948287,3
college_tier=tier_3 + stress_level=alto,burnout_cat=alto,0.07077974638007015,0.7193784277879341,2.0950153846448507,2
daily_study_hours=medio + interview_anxiety_score=alto + stress_level=alto,burnout_cat=alto,0.05674970770752766,0.7186788154897494,2.092977933323867,3
college_tier=tier_3 + degree_type=b.tech/b.e. + stress_level=alto,burnout_cat=alto,0.030758161705189316,0.7184873949579832,2.0924204674012086,3
college_tier=tier_2 + interview_anxiety_score=alto + stress_level=alto,burnout_cat=alto,0.03156758701322061,0.7177914110429447,2.0903935828670774,3
ai_dependency_score=alto + motivation_score=bajo + weekly_job_application_count=alto,burnout_cat=alto,0.08049285007644573,0.7177225340817963,2.090192995404791,3
college_tier=tier_3 + sleep_hours=medio + stress_level=alto,burnout_cat=alto,0.04775609317384657,0.7175675675675676,2.0897416929763706,3
motivation_score=bajo + placement_anxiety_score=alto + sleep_hours=bajo,burnout_cat=alto,0.03012860868783164,0.7173447537473233,2.0890928017067805,3
ai_dependency_score=alto + placement_anxiety_score=alto + social_media_hrs_per_day=alto,burnout_cat=alto,0.030848097850526127,0.7160751565762004,2.085395407535561,3
motivation_score=bajo + resume_confidence_score=bajo + seeks_career_counseling=si,burnout_cat=alto,0.08912672002877957,0.7160404624277457,2.085294369233657,3
ai_dependency_score=alto + motivation_score=bajo + resume_confidence_score=bajo,burnout_cat=alto,0.0670923644212609,0.7159309021113244,2.084975301355635,3
daily_study_hours=medio + resume_confidence_score=bajo + stress_level=alto,burnout_cat=alto,0.04020145696555446,0.7152000000000001,2.0828467260345733,3
sleep_hours=bajo + stress_level=alto,burnout_cat=alto,0.03687381958809245,0.7142857142857143,2.0801840903988627,2
ai_dependency_score=medio + college_tier=tier_3 + stress_level=alto,burnout_cat=alto,0.0314776508678838,0.7142857142857143,2.0801840903988627,3
daily_study_hours=medio + placement_anxiety_score=alto + stress_level=alto,burnout_cat=alto,0.05926791977695836,0.71397616468039,2.0792826021690036,3
ai_dependency_score=medio + placement_anxiety_score=alto + stress_level=alto,burnout_cat=alto,0.046317114848457595,0.7132963988919667,2.077302948999418,3
ai_replaces_own_thinking_score=medio + interview_anxiety_score=alto + seeks_career_counseling=si,burnout_cat=alto,0.0729382138681536,0.7132805628847845,2.0772568304651435,3
ai_dependency_score=medio + fear_of_job_loss_to_ai=alto + stress_level=alto,burnout_cat=alto,0.04712654015648889,0.7129251700680272,2.076221834988579,3
degree_type=b.tech/b.e. + stress_level=alto + weekly_job_application_count=alto,burnout_cat=alto,0.04910513535389873,0.7127937336814621,2.075839058356254,3
daily_ai_tool_usage_hrs=alto + fear_of_job_loss_to_ai=alto + seeks_career_counseling=si,burnout_cat=alto,0.06565338609587193,0.7121951219512195,2.0740957467196464,3
motivation_score=bajo + seeks_career_counseling=si + sleep_hours=medio,burnout_cat=alto,0.07932368018706719,0.711864406779661,2.073132618905985,3
career_clarity_score=medio + stress_level=alto,burnout_cat=alto,0.06151632341037863,0.7117585848074922,2.0728244380498966,2
fear_of_job_loss_to_ai=alto + seeks_career_counseling=si + sleep_hours=bajo,burnout_cat=alto,0.03102797014119975,0.711340206185567,2.071606011675568,3
internship_experience=2 + stress_level=alto + weekly_job_application_count=alto,burnout_cat=alto,0.03453547980933537,0.7111111111111111,2.0709388277748677,3
stress_level=alto,burnout_cat=alto,0.1250112420181671,0.710997442455243,2.070607795353548,1
degree_type=b.sc/b.a/b.com + motivation_score=bajo + seeks_career_counseling=si,burnout_cat=alto,0.03687381958809245,0.7105719237435009,2.069368575197482,3
sleep_hours=medio + stress_level=alto + weekly_job_application_count=alto,burnout_cat=alto,0.07015019336271247,0.7103825136612022,2.0688169642218197,3
daily_ai_tool_usage_hrs=medio + fear_of_job_loss_to_ai=alto + stress_level=alto,burnout_cat=alto,0.04577749797643673,0.7099023709902371,2.067418665018451,3
ai_replaces_own_thinking_score=medio + daily_ai_tool_usage_hrs=alto + seeks_career_counseling=si,burnout_cat=alto,0.058728302904937496,0.7097826086956521,2.0670698863506956,3
college_tier=tier_2 + motivation_score=bajo + seeks_career_counseling=si,burnout_cat=alto,0.04020145696555446,0.7095238095238096,2.06631619646287,3
career_clarity_score=medio + daily_study_hours=medio + stress_level=alto,burnout_cat=alto,0.03993164852954403,0.7092651757188498,2.065562988166027,3
ai_dependency_score=alto + daily_study_hours=bajo + motivation_score=bajo,burnout_cat=alto,0.05234283658602392,0.7088915956151035,2.0644750266224032,3
degree_type=b.tech/b.e. + stress_level=alto,burnout_cat=alto,0.05486104865545463,0.7084785133565622,2.063272024623262,2
ai_dependency_score=alto + degree_type=b.tech/b.e. + motivation_score=bajo,burnout_cat=alto,0.041910243726953865,0.7082066869300913,2.0624803960124893,3
degree_type=b.tech/b.e. + sleep_hours=medio + stress_level=alto,burnout_cat=alto,0.037053691878766074,0.7079037800687286,2.0615982531650583,3
ai_dependency_score=alto + seeks_career_counseling=si + social_media_hrs_per_day=medio,burnout_cat=alto,0.0314776508678838,0.7070707070707071,2.059172129889783,3
ai_dependency_score=alto + motivation_score=bajo + sleep_hours=medio,burnout_cat=alto,0.06520370536918788,0.7066276803118908,2.0578819217883484,3
ai_dependency_score=alto + daily_ai_tool_usage_hrs=alto + motivation_score=bajo,burnout_cat=alto,0.06970051263602842,0.7064721969006381,2.0574291140225758,3
ai_dependency_score=alto + motivation_score=bajo,burnout_cat=alto,0.09587193092904038,0.7064280980781975,2.057300686886191,2
daily_ai_tool_usage_hrs=alto + fear_of_job_loss_to_ai=alto + motivation_score=bajo,burnout_cat=alto,0.0811224030938034,0.706342991386061,2.057052834264435,3
daily_ai_tool_usage_hrs=alto + degree_type=b.tech/b.e. + seeks_career_counseling=si,burnout_cat=alto,0.03426567137332494,0.7055555555555555,2.0547596181828762,3
ai_dependency_score=alto + ai_replaces_own_thinking_score=medio + motivation_score=bajo,burnout_cat=alto,0.08076265851245616,0.7054202670856246,2.0543656232910057,3
sleep_hours=medio + stress_level=alto,burnout_cat=alto,0.0811224030938034,0.7052384675527756,2.0538361761967816,2
career_clarity_score=medio + sleep_hours=medio + stress_level=alto,burnout_cat=alto,0.04065113769223851,0.7051482059282371,2.0535733110833077,3
fear_of_job_loss_to_ai=alto + seeks_career_counseling=si + uses_ai_for_assignments=frequently,burnout_cat=alto,0.03030848097850526,0.7050209205020921,2.053202623117538,3
ai_dependency_score=medio + stress_level=alto + weekly_job_application_count=alto,burnout_cat=alto,0.04811583775519381,0.7048748353096179,2.05277718538702,3
ai_replaces_own_thinking_score=medio + motivation_score=bajo + placement_anxiety_score=alto,burnout_cat=alto,0.08705818868603292,0.7045123726346434,2.051721600661236,3
placement_anxiety_score=alto + seeks_career_counseling=si + stream=cs/it,burnout_cat=alto,0.0720388524147855,0.704485488126649,2.0516433060451047,3
ai_dependency_score=alto + motivation_score=bajo + stream=cs/it,burnout_cat=alto,0.06448421620649339,0.7043222003929273,2.051167770080921,3
daily_ai_tool_usage_hrs=alto + daily_study_hours=bajo + seeks_career_counseling=si,burnout_cat=alto,0.03768324489612375,0.7042016806722688,2.050816785593231,3
daily_ai_tool_usage_hrs=alto + seeks_career_counseling=si + stream=cs/it,burnout_cat=alto,0.058548430614263874,0.7037837837837838,2.049599762150836,3
ai_dependency_score=medio + daily_ai_tool_usage_hrs=medio + stress_level=alto,burnout_cat=alto,0.0330965014839464,0.7036328871892925,2.049160312377617,3
motivation_score=bajo + placement_anxiety_score=alto + stream=cs/it,burnout_cat=alto,0.07842431873369908,0.7032258064516129,2.0479747883539767,3
motivation_score=bajo + seeks_career_counseling=si + social_media_hrs_per_day=medio,burnout_cat=alto,0.05027430524327727,0.7031446540880504,2.0477384517561634,3
daily_ai_tool_usage_hrs=medio + interview_anxiety_score=alto + stress_level=alto,burnout_cat=alto,0.04451839194172138,0.703125,2.04768121398638,3
college_tier=tier_2 + stress_level=alto + weekly_job_application_count=alto,burnout_cat=alto,0.03660401115208202,0.7029360967184801,2.0471310789452017,3
daily_ai_tool_usage_hrs=alto + resume_confidence_score=bajo + seeks_career_counseling=si,burnout_cat=alto,0.04919507149923554,0.7021822849807445,2.0449357848876106,3
ai_replaces_own_thinking_score=medio + seeks_career_counseling=si + stream=cs/it,burnout_cat=alto,0.06322511017177804,0.7015968063872255,2.0432307203299005,3
career_clarity_score=bajo + motivation_score=bajo + seeks_career_counseling=si,burnout_cat=alto,0.057559133015558955,0.7009857612267251,2.041451199339957,3
daily_study_hours=bajo + motivation_score=bajo + seeks_career_counseling=si,burnout_cat=alto,0.06808166201996582,0.700925925925926,2.0412769435228837,3
daily_study_hours=medio + stress_level=alto + weekly_job_application_count=alto,burnout_cat=alto,0.058728302904937496,0.7006437768240343,2.0404552526208586,3
ai_dependency_score=alto + career_clarity_score=medio + motivation_score=bajo,burnout_cat=alto,0.045237881104415865,0.7005571030640668,2.040202836293703,3
motivation_score=bajo + resume_confidence_score=bajo + uses_ai_for_assignments=frequently,burnout_cat=alto,0.03156758701322061,0.699203187250996,2.036259884505978,3
fear_of_job_loss_to_ai=alto + motivation_score=bajo + placement_anxiety_score=alto,burnout_cat=alto,0.12123392391402105,0.6991701244813278,2.0361635971995504,3
daily_study_hours=medio + social_media_hrs_per_day=medio + stress_level=alto,burnout_cat=alto,0.03264682075726234,0.698076923076923,2.032979912962888,3
daily_ai_tool_usage_hrs=medio + placement_anxiety_score=alto + stress_level=alto,burnout_cat=alto,0.04541775339508949,0.6975138121546961,2.0313399888287234,3
ai_dependency_score=alto + college_tier=tier_2 + motivation_score=bajo,burnout_cat=alto,0.03417573522798813,0.6972477064220184,2.0305650203526513,3
ai_dependency_score=medio + stress_level=alto,burnout_cat=alto,0.056389963126180415,0.6966666666666667,2.0288728828356906,2
ai_dependency_score=alto + career_clarity_score=bajo + placement_anxiety_score=alto,burnout_cat=alto,0.037143628024102884,0.6964586846543002,2.028267185613191,3
college_tier=tier_3 + daily_study_hours=medio + stress_level=alto,burnout_cat=alto,0.037143628024102884,0.6964586846543002,2.028267185613191,3
daily_study_hours=medio + stress_level=alto,burnout_cat=alto,0.06889108732799712,0.6963636363636363,2.027990380494309,2
ai_replaces_own_thinking_score=medio + fear_of_job_loss_to_ai=alto + seeks_career_counseling=si,burnout_cat=alto,0.082741253709866,0.6959152798789713,2.026684650857591,3
ai_dependency_score=alto + daily_study_hours=medio + motivation_score=bajo,burnout_cat=alto,0.03930209551218635,0.695859872611465,2.026523290614688,3
ai_dependency_score=medio + sleep_hours=medio + stress_level=alto,burnout_cat=alto,0.036154330425397965,0.6955017301038062,2.02548028732955,3
ai_replaces_own_thinking_score=medio + interview_anxiety_score=alto + motivation_score=bajo,burnout_cat=alto,0.0919147405342207,0.6947654656696125,2.023336095542279,3
ai_dependency_score=alto + seeks_career_counseling=si + stress_level=medio,burnout_cat=alto,0.042899541325658784,0.6943231441048036,2.0220479411475405,3
interview_anxiety_score=alto + seeks_career_counseling=si + stream=cs/it,burnout_cat=alto,0.07302815001349042,0.694017094017094,2.0211566444148947,3
career_clarity_score=bajo + daily_ai_tool_usage_hrs=alto + motivation_score=bajo,burnout_cat=alto,0.033905926791977695,0.6930147058823529,2.0182374318244847,3
daily_study_hours=medio + motivation_score=bajo + placement_anxiety_score=alto,burnout_cat=alto,0.06322511017177804,0.6926108374384237,2.0170612628281384,3
college_tier=tier_2 + stress_level=alto,burnout_cat=alto,0.04226998830830111,0.6921944035346097,2.0158484999741555,2
fear_of_job_loss_to_ai=alto + interview_anxiety_score=alto + motivation_score=bajo,burnout_cat=alto,0.1233024552567677,0.6917255297679112,2.0144830187243072,3
internship_experience=2 + stress_level=alto,burnout_cat=alto,0.039751776238870405,0.6917057902973396,2.014425532298617,2
placement_anxiety_score=alto + resume_confidence_score=medio + stress_level=alto,burnout_cat=alto,0.033815990646640884,0.6911764705882353,2.012884016885958,3
interview_anxiety_score=alto + resume_confidence_score=medio + stress_level=alto,burnout_cat=alto,0.03336630991995683,0.6908752327746741,2.0120067347358828,3
college_tier=tier_3 + daily_ai_tool_usage_hrs=medio + stress_level=alto,burnout_cat=alto,0.030938033995862937,0.6907630522088354,2.0116800360162492,3
fear_of_job_loss_to_ai=alto + resume_confidence_score=medio + stress_level=alto,burnout_cat=alto,0.03858260634949186,0.6897106109324758,2.008615055777422,3
daily_ai_tool_usage_hrs=alto + internship_experience=1 + motivation_score=bajo,burnout_cat=alto,0.0381329256228078,0.689430894308943,2.007800448879292,3
internship_experience=1 + motivation_score=bajo + placement_anxiety_score=alto,burnout_cat=alto,0.05585034625415955,0.6892341842397336,2.0072275784603453,3
ai_dependency_score=alto + internship_experience=1 + placement_anxiety_score=alto,burnout_cat=alto,0.03363611835596726,0.6887661141804788,2.0058644378137096,3
ai_dependency_score=alto + motivation_score=bajo + stress_level=medio,burnout_cat=alto,0.05665977156219085,0.6885245901639344,2.005161057630379,3
daily_ai_tool_usage_hrs=alto + seeks_career_counseling=si,burnout_cat=alto,0.07653565968162604,0.6885113268608414,2.0051224314734664,2
daily_ai_tool_usage_hrs=medio + stress_level=alto + weekly_job_application_count=alto,burnout_cat=alto,0.047216476301825704,0.6880733944954128,2.003847059558537,3
daily_study_hours=medio + interview_anxiety_score=alto + motivation_score=bajo,burnout_cat=alto,0.06214587642773631,0.6875621890547263,2.0023582975640393,3
ai_dependency_score=alto + career_clarity_score=bajo + interview_anxiety_score=alto,burnout_cat=alto,0.033815990646640884,0.6873857404021938,2.0018444336123604,3
interview_anxiety_score=alto + motivation_score=bajo + uses_ai_for_assignments=sometimes,burnout_cat=alto,0.04757622088317295,0.6870129870129871,2.0007588796745424,3
ai_dependency_score=alto + motivation_score=bajo + uses_ai_for_assignments=sometimes,burnout_cat=alto,0.030578289414515694,0.6868686868686869,2.0003386404643604,3
college_tier=tier_3 + daily_ai_tool_usage_hrs=alto + seeks_career_counseling=si,burnout_cat=alto,0.04271966903498516,0.6864161849710982,1.9990208383168258,3
ai_dependency_score=medio + daily_study_hours=medio + stress_level=alto,burnout_cat=alto,0.032916629193272776,0.6853932584269663,1.996041812584976,3
ai_replaces_own_thinking_score=medio + degree_type=b.tech/b.e. + seeks_career_counseling=si,burnout_cat=alto,0.043079413616332406,0.6852646638054364,1.9956673119048316,3
daily_ai_tool_usage_hrs=alto + seeks_career_counseling=si + uses_ai_for_assignments=frequently,burnout_cat=alto,0.03462541595467218,0.6850533807829181,1.9950520012900121,3
seeks_career_counseling=si + uses_ai_for_assignments=frequently,burnout_cat=alto,0.03462541595467218,0.6850533807829181,1.9950520012900121,2
internship_experience=1 + placement_anxiety_score=alto + seeks_career_counseling=si,burnout_cat=alto,0.04766615702850976,0.6847545219638244,1.9941816473849563,3
daily_ai_tool_usage_hrs=alto + seeks_career_counseling=si + sleep_hours=medio,burnout_cat=alto,0.05144347513265581,0.6842105263157895,1.9925973918557525,3
motivation_score=bajo + placement_anxiety_score=alto + resume_confidence_score=medio,burnout_cat=alto,0.031747459303894235,0.6841085271317829,1.9923003439440268,3
interview_anxiety_score=alto + motivation_score=bajo + stream=cs/it,burnout_cat=alto,0.08139221152981384,0.6840513983371127,1.9921339701703393,3
ai_replaces_own_thinking_score=medio + college_tier=tier_2 + seeks_career_counseling=si,burnout_cat=alto,0.03426567137332494,0.6840215439856373,1.9920470266045838,3
daily_study_hours=medio + sleep_hours=medio + stress_level=alto,burnout_cat=alto,0.044158647360374136,0.6838440111420613,1.9915300052091616,3
ai_replaces_own_thinking_score=medio + internship_experience=1 + seeks_career_counseling=si,burnout_cat=alto,0.03687381958809245,0.6833333333333333,1.9900427798149118,3
motivation_score=bajo + uses_ai_for_assignments=frequently + weekly_job_application_count=alto,burnout_cat=alto,0.039571903948196784,0.6832298136645963,1.9897413038597818,3
fear_of_job_loss_to_ai=alto + seeks_career_counseling=si + stream=cs/it,burnout_cat=alto,0.0802230416404353,0.6830015313935682,1.9890764870521438,3
ai_replaces_own_thinking_score=medio + career_clarity_score=bajo + seeks_career_counseling=si,burnout_cat=alto,0.04586743412177354,0.6827309236947792,1.9882884076904792,3
daily_ai_tool_usage_hrs=alto + seeks_career_counseling=si + weekly_job_application_count=alto,burnout_cat=alto,0.06394459933447252,0.682341650671785,1.9871547443215236,3
motivation_score=bajo + placement_anxiety_score=alto + social_media_hrs_per_day=alto,burnout_cat=alto,0.05351200647540246,0.6815578465063,1.9848721045844813,3
motivation_score=bajo + seeks_career_counseling=si + stress_level=medio,burnout_cat=alto,0.06691249213058728,0.6813186813186813,1.984175593918915,3
ai_replaces_own_thinking_score=medio + daily_study_hours=medio + seeks_career_counseling=si,burnout_cat=alto,0.03903228707617591,0.6813186813186812,1.9841755939189147,3
internship_experience=1 + seeks_career_counseling=si + stream=cs/it,burnout_cat=alto,0.034985160536019425,0.681260945709282,1.984007452944344,3
interview_anxiety_score=alto + motivation_score=bajo + placement_anxiety_score=alto,burnout_cat=alto,0.12393200827412537,0.6811665842807711,1.9837326481450743,3
ai_replaces_own_thinking_score=medio + seeks_career_counseling=si + social_media_hrs_per_day=alto,burnout_cat=alto,0.039571903948196784,0.6811145510835913,1.9835811140645498,3
ai_replaces_own_thinking_score=medio + motivation_score=bajo + uses_ai_for_assignments=frequently,burnout_cat=alto,0.03759330875078694,0.6807817589576546,1.9826119376244529,3
placement_anxiety_score=alto + seeks_career_counseling=si + social_media_hrs_per_day=alto,burnout_cat=alto,0.04271966903498516,0.6795422031473534,1.9790020316384027,3
ai_dependency_score=alto + interview_anxiety_score=alto + social_media_hrs_per_day=alto,burnout_cat=alto,0.03201726773990467,0.6793893129770993,1.9785567760587655,3
degree_type=b.tech/b.e. + motivation_score=bajo + placement_anxiety_score=alto,burnout_cat=alto,0.06304523788110442,0.6792635658914729,1.9781905681370577,3
motivation_score=bajo + placement_anxiety_score=alto + uses_ai_for_assignments=sometimes,burnout_cat=alto,0.0438888389243637,0.678720445062587,1.97660886030668,3
interview_anxiety_score=alto + seeks_career_counseling=si + social_media_hrs_per_day=alto,burnout_cat=alto,0.045147944959079055,0.6783783783783784,1.9756126739625954,3
college_tier=tier_3 + motivation_score=bajo + placement_anxiety_score=alto,burnout_cat=alto,0.08076265851245616,0.6782477341389729,1.9752322042669563,3
college_tier=tier_2 + motivation_score=bajo + placement_anxiety_score=alto,burnout_cat=alto,0.04586743412177354,0.6781914893617021,1.975068404979771,3
ai_dependency_score=alto + placement_anxiety_score=alto + uses_ai_for_assignments=frequently,burnout_cat=alto,0.03426567137332494,0.6779359430604982,1.9743241882895965,3
ai_dependency_score=alto + motivation_score=bajo + social_media_hrs_per_day=medio,burnout_cat=alto,0.04020145696555446,0.6772727272727274,1.9723927329872852,3
ai_replaces_own_thinking_score=medio + resume_confidence_score=bajo + seeks_career_counseling=si,burnout_cat=alto,0.07033006565338609,0.6764705882352942,1.9700566973777462,3
placement_anxiety_score=alto + seeks_career_counseling=si + uses_ai_for_assignments=sometimes,burnout_cat=alto,0.039661840093533594,0.6763803680981595,1.9697939530862847,3
daily_ai_tool_usage_hrs=medio + stress_level=alto,burnout_cat=alto,0.05432143178343376,0.6763717805151175,1.9697689438312183,2
career_clarity_score=medio + motivation_score=bajo + placement_anxiety_score=alto,burnout_cat=alto,0.0645741523518302,0.6760828625235404,1.9689275401779063,3
motivation_score=bajo + uses_ai_for_assignments=frequently,burnout_cat=alto,0.04685673172047846,0.6757457846952011,1.9679458826678733,2
daily_ai_tool_usage_hrs=alto + motivation_score=bajo + uses_ai_for_assignments=frequently,burnout_cat=alto,0.04685673172047846,0.6757457846952011,1.9679458826678733,3
ai_replaces_own_thinking_score=bajo + motivation_score=bajo + seeks_career_counseling=si,burnout_cat=alto,0.04487813652306862,0.6752368064952639,1.9664636069724564,3
daily_ai_tool_usage_hrs=medio + daily_study_hours=medio + stress_level=alto,burnout_cat=alto,0.03129777857721018,0.6744186046511628,1.9640807923300887,3
ai_dependency_score=medio + motivation_score=bajo + seeks_career_counseling=si,burnout_cat=alto,0.050634049824624515,0.6742514970059881,1.9635941317992618,3
ai_dependency_score=alto + daily_study_hours=bajo + placement_anxiety_score=alto,burnout_cat=alto,0.040920946128248946,0.6740740740740742,1.9630774304949268,3
career_clarity_score=medio + daily_ai_tool_usage_hrs=alto + seeks_career_counseling=si,burnout_cat=alto,0.03588452198938753,0.6739864864864865,1.962822352866224,3
ai_dependency_score=alto + placement_anxiety_score=alto + stream=cs/it,burnout_cat=alto,0.06313517402644123,0.6737044145873321,1.9620008867984666,3
seeks_career_counseling=si + sleep_hours=bajo,burnout_cat=alto,0.03633420271607159,0.6733333333333333,1.9609202025493278,2
interview_anxiety_score=alto + motivation_score=bajo + social_media_hrs_per_day=alto,burnout_cat=alto,0.05890817519561112,0.6731757451181911,1.9604612650521651,3
ai_replaces_own_thinking_score=medio + seeks_career_counseling=si + weekly_job_application_count=alto,burnout_cat=alto,0.08292112600053962,0.6725018234865062,1.958498631573196,3
fear_of_job_loss_to_ai=alto + placement_anxiety_score=alto + seeks_career_counseling=si,burnout_cat=alto,0.11017177803759332,0.672338090010977,1.9580217974939897,3
college_tier=tier_3 + interview_anxiety_score=alto + motivation_score=bajo,burnout_cat=alto,0.08579908265131757,0.6723044397463003,1.9579237992506842,3
ai_dependency_score=alto + fear_of_job_loss_to_ai=alto + placement_anxiety_score=alto,burnout_cat=alto,0.08391042359924454,0.6721902017291067,1.9575911087024456,3
college_tier=tier_3 + daily_ai_tool_usage_hrs=alto + motivation_score=bajo,burnout_cat=alto,0.04973468837125641,0.6719319562575942,1.9568390313326844,3
seeks_career_counseling=si + social_media_hrs_per_day=alto + stream=cs/it,burnout_cat=alto,0.03462541595467218,0.6719022687609075,1.9567525736910767,3
degree_type=b.sc/b.a/b.com + motivation_score=bajo + placement_anxiety_score=alto,burnout_cat=alto,0.04379890277902689,0.6717241379310345,1.9562338108054405,3
internship_experience=1 + interview_anxiety_score=alto + motivation_score=bajo,burnout_cat=alto,0.057379260724885334,0.6708727655099895,1.9537543948940737,3
resume_confidence_score=medio + stress_level=alto + weekly_job_application_count=alto,burnout_cat=alto,0.04047126540156489,0.6706408345752608,1.953078952237382,3
motivation_score=bajo + placement_anxiety_score=alto + weekly_job_application_count=alto,burnout_cat=alto,0.12303264682075726,0.6702596766291034,1.9519689220636458,3
career_clarity_score=medio + placement_anxiety_score=alto + seeks_career_counseling=si,burnout_cat=alto,0.057379260724885334,0.6701680672268907,1.9517021318742267,3
motivation_score=bajo + sleep_hours=bajo + weekly_job_application_count=alto,burnout_cat=alto,0.03741343646011332,0.6698872785829306,1.9508844029763242,3
daily_ai_tool_usage_hrs=medio + motivation_score=bajo + seeks_career_counseling=si,burnout_cat=alto,0.05144347513265581,0.6697892271662764,1.9505988519805728,3
ai_replaces_own_thinking_score=medio + seeks_career_counseling=si,burnout_cat=alto,0.09794046227178703,0.668918918918919,1.9480642900627185,2
fear_of_job_loss_to_ai=alto + interview_anxiety_score=alto + seeks_career_counseling=si,burnout_cat=alto,0.10954222502023564,0.6688632619439868,1.9479022026074355,3
ai_replaces_own_thinking_score=bajo + resume_confidence_score=bajo + stress_level=alto,burnout_cat=alto,0.03696375573342926,0.6682926829268292,1.9462405294561063,3
ai_dependency_score=alto + college_tier=tier_3 + placement_anxiety_score=alto,burnout_cat=alto,0.05153341127799262,0.6678321678321678,1.9448993908134817,3
ai_replaces_own_thinking_score=medio + career_clarity_score=medio + seeks_career_counseling=si,burnout_cat=alto,0.039571903948196784,0.6676783004552352,1.9444512893561448,3
ai_replaces_own_thinking_score=medio + seeks_career_counseling=si + social_media_hrs_per_day=medio,burnout_cat=alto,0.04155049914560662,0.6676300578034683,1.9443107943207867,3
internship_experience=1 + interview_anxiety_score=alto + seeks_career_counseling=si,burnout_cat=alto,0.047486284737836136,0.6675094816687738,1.943959645540884,3
interview_anxiety_score=alto + seeks_career_counseling=si + uses_ai_for_assignments=sometimes,burnout_cat=alto,0.04110081841892257,0.6671532846715329,1.9429223080834923,3
fear_of_job_loss_to_ai=alto + seeks_career_counseling=si + uses_ai_for_assignments=sometimes,burnout_cat=alto,0.04577749797643673,0.6671035386631717,1.9427774348862772,3
fear_of_job_loss_to_ai=alto + seeks_career_counseling=si + social_media_hrs_per_day=alto,burnout_cat=alto,0.047396348592499325,0.6670886075949367,1.942733951767444,3
daily_ai_tool_usage_hrs=alto + motivation_score=bajo + resume_confidence_score=bajo,burnout_cat=alto,0.0687112150373235,0.6666666666666666,1.9415051510389383,3
ai_dependency_score=alto + interview_anxiety_score=alto + placement_anxiety_score=alto,burnout_cat=alto,0.07770482957100458,0.6661526599845797,1.940008231107528,3
resume_confidence_score=bajo + seeks_career_counseling=si + uses_ai_for_assignments=sometimes,burnout_cat=alto,0.03993164852954403,0.6656671664167917,1.9385943487135429,3
seeks_career_counseling=si + stream=cs/it + uses_ai_for_assignments=sometimes,burnout_cat=alto,0.0330965014839464,0.6654611211573237,1.9379942918146364,3
fear_of_job_loss_to_ai=alto + motivation_score=bajo + social_media_hrs_per_day=bajo,burnout_cat=alto,0.031657523158557424,0.665406427221172,1.9378350089764829,3
motivation_score=bajo + placement_anxiety_score=alto,burnout_cat=alto,0.14191923734148754,0.6649810366624526,1.9365961620350471,2
motivation_score=bajo + stream=cs/it + uses_ai_for_assignments=frequently,burnout_cat=alto,0.034985160536019425,0.6649572649572649,1.9365269327029409,3
ai_dependency_score=alto + placement_anxiety_score=alto + weekly_job_application_count=alto,burnout_cat=alto,0.07914380789639357,0.6646525679758308,1.9356395765645005,3
degree_type=b.tech/b.e. + placement_anxiety_score=alto + seeks_career_counseling=si,burnout_cat=alto,0.05594028239949636,0.6645299145299145,1.9352823781189417,3
interview_anxiety_score=alto + placement_anxiety_score=alto + seeks_career_counseling=si,burnout_cat=alto,0.11026171418293013,0.6644986449864498,1.9351913131493808,3
ai_dependency_score=alto + daily_ai_tool_usage_hrs=alto + placement_anxiety_score=alto,burnout_cat=alto,0.06691249213058728,0.6642857142857143,1.934571204070942,3
fear_of_job_loss_to_ai=alto + motivation_score=bajo + social_media_hrs_per_day=alto,burnout_cat=alto,0.06331504631711485,0.6641509433962264,1.9341787165067157,3
ai_dependency_score=alto + ai_replaces_own_thinking_score=medio + placement_anxiety_score=alto,burnout_cat=alto,0.07320802230416404,0.66394779771615,1.9335871039302963,3
fear_of_job_loss_to_ai=alto + internship_experience=1 + motivation_score=bajo,burnout_cat=alto,0.06268549329975717,0.6638095238095238,1.933184414677343,3
resume_confidence_score=bajo + seeks_career_counseling=si + stream=cs/it,burnout_cat=alto,0.06565338609587193,0.6636363636363637,1.932680127625125,3
seeks_career_counseling=si + sleep_hours=bajo + weekly_job_application_count=alto,burnout_cat=alto,0.03102797014119975,0.6634615384615384,1.9321709916589433,3
ai_dependency_score=alto + internship_experience=1 + interview_anxiety_score=alto,burnout_cat=alto,0.03417573522798813,0.6631762652705061,1.9313402026041795,3
fear_of_job_loss_to_ai=alto + internship_experience=1 + seeks_career_counseling=si,burnout_cat=alto,0.04991456066193003,0.6630824372759857,1.9310669513021699,3
motivation_score=bajo + sleep_hours=bajo,burnout_cat=alto,0.044248583505710946,0.6630727762803235,1.9310388159929064,2
daily_study_hours=medio + interview_anxiety_score=alto + seeks_career_counseling=si,burnout_cat=alto,0.05908804748628474,0.6629667003027245,1.9307298954075416,3
ai_replaces_own_thinking_score=medio + fear_of_job_loss_to_ai=alto + motivation_score=bajo,burnout_cat=alto,0.10657433222412087,0.6627516778523489,1.9301036946150516,3
daily_ai_tool_usage_hrs=medio + sleep_hours=medio + stress_level=alto,burnout_cat=alto,0.035165032826693046,0.6627118644067796,1.9299877476005716,3
ai_replaces_own_thinking_score=medio + college_tier=tier_3 + seeks_career_counseling=si,burnout_cat=alto,0.054051623347423326,0.6626240352811466,1.92973196655083,3
ai_dependency_score=alto + daily_study_hours=bajo + interview_anxiety_score=alto,burnout_cat=alto,0.043978775069700514,0.6626016260162602,1.929666704996018,3
ai_replaces_own_thinking_score=medio + seeks_career_counseling=si + uses_ai_for_assignments=sometimes,burnout_cat=alto,0.03246694846658872,0.6623853211009174,1.9290367693350183,3
ai_dependency_score=medio + ai_replaces_own_thinking_score=bajo + stress_level=alto,burnout_cat=alto,0.03417573522798813,0.662020905923345,1.9279754984184578,3
daily_ai_tool_usage_hrs=alto + daily_study_hours=medio + seeks_career_counseling=si,burnout_cat=alto,0.03327637377462002,0.6618962432915921,1.9276124487059227,3
motivation_score=bajo + sleep_hours=medio + uses_ai_for_assignments=frequently,burnout_cat=alto,0.03111790628653656,0.6615678776290631,1.926656163268086,3
ai_replaces_own_thinking_score=bajo + fear_of_job_loss_to_ai=alto + stress_level=alto,burnout_cat=alto,0.05045417753395089,0.6615566037735849,1.9266233308953615,3
daily_study_hours=medio + placement_anxiety_score=alto + seeks_career_counseling=si,burnout_cat=alto,0.0604370896663369,0.6607669616519174,1.9243236895253193,3
daily_study_hours=medio + fear_of_job_loss_to_ai=alto + motivation_score=bajo,burnout_cat=alto,0.07230866085079593,0.6606409202958092,1.9239566246121274,3
daily_ai_tool_usage_hrs=alto + seeks_career_counseling=si + social_media_hrs_per_day=medio,burnout_cat=alto,0.031837395449231046,0.6604477611940298,1.9233940955255153,3
daily_ai_tool_usage_hrs=alto + motivation_score=bajo + weekly_job_application_count=alto,burnout_cat=alto,0.08121233923914022,0.6600877192982456,1.922345560732633,3
ai_dependency_score=alto + placement_anxiety_score=alto,burnout_cat=alto,0.09074557064484216,0.6599084368868542,1.9218234441448223,2
motivation_score=bajo + placement_anxiety_score=alto + resume_confidence_score=bajo,burnout_cat=alto,0.11017177803759332,0.659666128163705,1.9211177786936184,3
fear_of_job_loss_to_ai=alto + resume_confidence_score=bajo + seeks_career_counseling=si,burnout_cat=alto,0.092724165842252,0.6596289187460013,1.9210094152794102,3
college_tier=tier_2 + placement_anxiety_score=alto + seeks_career_counseling=si,burnout_cat=alto,0.03849267020415505,0.6594761171032357,1.9205644175146352,3
degree_type=b.tech/b.e. + interview_anxiety_score=alto + motivation_score=bajo,burnout_cat=alto,0.06592319453188236,0.6591726618705036,1.9196806776684467,3
daily_ai_tool_usage_hrs=alto + daily_study_hours=medio + motivation_score=bajo,burnout_cat=alto,0.04433851965104776,0.6590909090909092,1.9194425925044052,3
internship_experience=2 + motivation_score=bajo + placement_anxiety_score=alto,burnout_cat=alto,0.038222861768144614,0.6589147286821705,1.9189295097477876,3
ai_replaces_own_thinking_score=medio + daily_study_hours=bajo + seeks_career_counseling=si,burnout_cat=alto,0.055310729382138685,0.658458244111349,1.9176001090293582,3
ai_replaces_own_thinking_score=medio + daily_ai_tool_usage_hrs=alto + motivation_score=bajo,burnout_cat=alto,0.07923374404173038,0.6584454409566518,1.917562822943167,3
ai_dependency_score=alto + college_tier=tier_3 + interview_anxiety_score=alto,burnout_cat=alto,0.05252270887669754,0.6583990980834272,1.9174278605525477,3
internship_experience=2 + placement_anxiety_score=alto + seeks_career_counseling=si,burnout_cat=alto,0.03687381958809245,0.6581059390048153,1.9165741057607493,3
interview_anxiety_score=alto + motivation_score=bajo + weekly_job_application_count=alto,burnout_cat=alto,0.12770932637827143,0.6577119036591015,1.9154265732806572,3
resume_confidence_score=medio + stress_level=alto,burnout_cat=alto,0.046137242557783974,0.6576923076923077,1.9153695047749526,2
college_tier=tier_3 + fear_of_job_loss_to_ai=alto + motivation_score=bajo,burnout_cat=alto,0.08498965734328627,0.6576200417536535,1.91515904773674,3
social_media_hrs_per_day=bajo + stress_level=alto,burnout_cat=alto,0.03246694846658872,0.6575591985428051,1.914981856625838,2
career_clarity_score=bajo + interview_anxiety_score=alto + motivation_score=bajo,burnout_cat=alto,0.06646281140390323,0.6574733096085409,1.9147317259134011,3
placement_anxiety_score=alto + resume_confidence_score=bajo + seeks_career_counseling=si,burnout_cat=alto,0.08957640075546362,0.6574257425742575,1.9145931984502798,3
fear_of_job_loss_to_ai=alto + motivation_score=bajo + stream=cs/it,burnout_cat=alto,0.09371346344095692,0.6574132492113565,1.9145568145576408,3
career_clarity_score=medio + interview_anxiety_score=alto + seeks_career_counseling=si,burnout_cat=alto,0.05315226189405522,0.6566666666666666,1.912382573773354,3
fear_of_job_loss_to_ai=alto + motivation_score=bajo + uses_ai_for_assignments=sometimes,burnout_cat=alto,0.05414155949276014,0.6564885496183205,1.9118638510230763,3
motivation_score=bajo + placement_anxiety_score=alto + sleep_hours=medio,burnout_cat=alto,0.09830020685313427,0.656062424969988,1.910622866223493,3
degree_type=b.tech/b.e. + interview_anxiety_score=alto + seeks_career_counseling=si,burnout_cat=alto,0.05665977156219085,0.6555671175858481,1.9091804034670101,3
interview_anxiety_score=alto + resume_confidence_score=bajo + seeks_career_counseling=si,burnout_cat=alto,0.09227448511556795,0.6551724137931035,1.9080309242968878,3
placement_anxiety_score=alto + seeks_career_counseling=si + weekly_job_application_count=alto,burnout_cat=alto,0.10972209731090926,0.6548577563070317,1.9071145606018558,3
placement_anxiety_score=alto + seeks_career_counseling=si,burnout_cat=alto,0.1258206673261984,0.654656059897052,1.9065271686734733,2
ai_dependency_score=alto + ai_replaces_own_thinking_score=medio + interview_anxiety_score=alto,burnout_cat=alto,0.07500674521090026,0.6546310832025117,1.9064544301018145,3
interview_anxiety_score=alto + motivation_score=bajo + resume_confidence_score=medio,burnout_cat=alto,0.03255688461192553,0.6546112115732369,1.9063965587959195,3
career_clarity_score=bajo + motivation_score=bajo + placement_anxiety_score=alto,burnout_cat=alto,0.06988038492670204,0.6545914069081719,1.906338882507062,3
college_tier=tier_3 + placement_anxiety_score=alto + seeks_career_counseling=si,burnout_cat=alto,0.07635578739095242,0.6545875096376252,1.9063275326508,3
college_tier=tier_2 + interview_anxiety_score=alto + seeks_career_counseling=si,burnout_cat=alto,0.03858260634949186,0.6539634146341463,1.904510007154812,3
internship_experience=2 + interview_anxiety_score=alto + seeks_career_counseling=si,burnout_cat=alto,0.035974458134724344,0.65359477124183,1.903436422587194,3
ai_dependency_score=alto + fear_of_job_loss_to_ai=alto + interview_anxiety_score=alto,burnout_cat=alto,0.08319093443655005,0.6532485875706215,1.902428246515909,3
interview_anxiety_score=alto + motivation_score=bajo,burnout_cat=alto,0.14803489522439067,0.6529155097183656,1.9014582379671314,2
ai_replaces_own_thinking_score=medio + seeks_career_counseling=si + sleep_hours=medio,burnout_cat=alto,0.06493389693317744,0.6528028933092225,1.9011302699594668,3
placement_anxiety_score=alto + stress_level=alto + uses_ai_for_assignments=rarely,burnout_cat=alto,0.030398417123842073,0.6525096525096525,1.900276277175177,3
interview_anxiety_score=alto + motivation_score=bajo + resume_confidence_score=bajo,burnout_cat=alto,0.11547801061246515,0.6524390243902439,1.9000705898887171,3
college_tier=tier_2 + fear_of_job_loss_to_ai=alto + seeks_career_counseling=si,burnout_cat=alto,0.04928500764457235,0.6523809523809524,1.899901469230961,3
fear_of_job_loss_to_ai=alto + motivation_score=bajo + resume_confidence_score=bajo,burnout_cat=alto,0.1175465419552118,0.6521956087824351,1.899361700904111,3
daily_ai_tool_usage_hrs=alto + degree_type=b.tech/b.e. + motivation_score=bajo,burnout_cat=alto,0.041820307581617054,0.6521739130434783,1.8992985173207004,3
career_clarity_score=medio + interview_anxiety_score=alto + motivation_score=bajo,burnout_cat=alto,0.061786131846389064,0.6518026565464896,1.8982173227188104,3
ai_replaces_own_thinking_score=bajo + placement_anxiety_score=alto + stress_level=alto,burnout_cat=alto,0.051623347423329434,0.6515323496027241,1.8974301192332867,3
ai_dependency_score=alto + degree_type=b.tech/b.e. + placement_anxiety_score=alto,burnout_cat=alto,0.039841712384207216,0.6514705882352941,1.8972502542137861,3
daily_ai_tool_usage_hrs=alto + degree_type=b.sc/b.a/b.com + motivation_score=bajo,burnout_cat=alto,0.03210720388524148,0.6514598540145985,1.8972189933966266,3
daily_ai_tool_usage_hrs=alto + motivation_score=bajo,burnout_cat=alto,0.09883982372515514,0.6510663507109005,1.8960730103600059,2
college_tier=tier_2 + interview_anxiety_score=alto + motivation_score=bajo,burnout_cat=alto,0.045237881104415865,0.6507115135834411,1.8950396331938926,3
ai_dependency_score=alto + interview_anxiety_score=alto + stream=cs/it,burnout_cat=alto,0.06331504631711485,0.6506469500924215,1.8948516076683168,3
internship_experience=2 + interview_anxiety_score=alto + motivation_score=bajo,burnout_cat=alto,0.039661840093533594,0.6504424778761062,1.8942561318764863,3
ai_dependency_score=alto + career_clarity_score=medio + placement_anxiety_score=alto,burnout_cat=alto,0.045327817249752676,0.6503225806451614,1.8939069602392742,3
daily_ai_tool_usage_hrs=alto + placement_anxiety_score=alto + social_media_hrs_per_day=alto,burnout_cat=alto,0.030938033995862937,0.6502835538752363,1.8937933042270172,3
degree_type=b.sc/b.a/b.com + interview_anxiety_score=alto + motivation_score=bajo,burnout_cat=alto,0.04541775339508949,0.64993564993565,1.892780118290857,3
ai_replaces_own_thinking_score=bajo + interview_anxiety_score=alto + stress_level=alto,burnout_cat=alto,0.050723985969961326,0.6497695852534563,1.89229649513703,3
daily_ai_tool_usage_hrs=alto + motivation_score=bajo + social_media_hrs_per_day=alto,burnout_cat=alto,0.03768324489612375,0.6496124031007752,1.8918387401984071,3
college_tier=tier_2 + seeks_career_counseling=si + stream=cs/it,burnout_cat=alto,0.031837395449231046,0.6495412844036698,1.8916316242232591,3
career_clarity_score=medio + seeks_career_counseling=si + stream=cs/it,burnout_cat=alto,0.04370896663369008,0.6488651535380507,1.8896625568856957,3
career_clarity_score=bajo + seeks_career_counseling=si + stream=cs/it,burnout_cat=alto,0.039661840093533594,0.6485294117647059,1.8886847903121438,3
seeks_career_counseling=si + stream=cs/it + weekly_job_application_count=alto,burnout_cat=alto,0.0819318284018347,0.6483985765124556,1.8883037643378715,3
ai_dependency_score=alto + placement_anxiety_score=alto + resume_confidence_score=bajo,burnout_cat=alto,0.06412447162514615,0.6481818181818182,1.8876725082146768,3
placement_anxiety_score=alto + resume_confidence_score=medio + seeks_career_counseling=si,burnout_cat=alto,0.036244266570734776,0.6479099678456591,1.88688080997273,3
daily_ai_tool_usage_hrs=alto + motivation_score=bajo + sleep_hours=medio,burnout_cat=alto,0.06781185358395539,0.647766323024055,1.8864624792311335,3
ai_dependency_score=alto + career_clarity_score=bajo + weekly_job_application_count=alto,burnout_cat=alto,0.03903228707617591,0.6477611940298507,1.8864475422781324,3
ai_dependency_score=alto + career_clarity_score=bajo + fear_of_job_loss_to_ai=alto,burnout_cat=alto,0.039841712384207216,0.6476608187134504,1.88615522348739,3
fear_of_job_loss_to_ai=alto + motivation_score=bajo + weekly_job_application_count=alto,burnout_cat=alto,0.1408400035974458,0.6473749483257545,1.8853226952420283,3
interview_anxiety_score=alto + seeks_career_counseling=si,burnout_cat=alto,0.12761939023293462,0.6473540145985401,1.8852617308332027,2
ai_dependency_score=alto + interview_anxiety_score=alto + resume_confidence_score=bajo,burnout_cat=alto,0.06592319453188236,0.646954986760812,1.8840996589296668,3
interview_anxiety_score=alto + seeks_career_counseling=si + weekly_job_application_count=alto,burnout_cat=alto,0.11071139490961418,0.6468733578560169,1.8838619345209668,3
daily_ai_tool_usage_hrs=alto + motivation_score=bajo + stream=cs/it,burnout_cat=alto,0.07329795844950085,0.6468253968253967,1.8837222596389696,3
career_clarity_score=bajo + daily_ai_tool_usage_hrs=alto + placement_anxiety_score=alto,burnout_cat=alto,0.037053691878766074,0.6467817896389324,1.8835952642732554,3
fear_of_job_loss_to_ai=alto + internship_experience=0 + motivation_score=bajo,burnout_cat=alto,0.034085799082651316,0.6467576791808873,1.8835250484055228,3
career_clarity_score=bajo + fear_of_job_loss_to_ai=alto + motivation_score=bajo,burnout_cat=alto,0.06799172587462901,0.6467065868263473,1.8833762543012456,3
daily_study_hours=bajo + placement_anxiety_score=alto + seeks_career_counseling=si,burnout_cat=alto,0.05881823905027431,0.6462450592885376,1.8820321671632396,3
career_clarity_score=bajo + fear_of_job_loss_to_ai=alto + seeks_career_counseling=si,burnout_cat=alto,0.0612465149743682,0.6461100569259962,1.8816390054898249,3
daily_study_hours=bajo + seeks_career_counseling=si + stream=cs/it,burnout_cat=alto,0.04604730641244716,0.6456494325346784,1.8802975485471685,3
ai_dependency_score=alto + interview_anxiety_score=alto + weekly_job_application_count=alto,burnout_cat=alto,0.07815451029768865,0.6451373422420194,1.8788062096356766,3
career_clarity_score=bajo + placement_anxiety_score=alto + seeks_career_counseling=si,burnout_cat=alto,0.06250562100908355,0.6447124304267161,1.8775687569184536,3
career_clarity_score=medio + fear_of_job_loss_to_ai=alto + seeks_career_counseling=si,burnout_cat=alto,0.06115657882903139,0.6445497630331753,1.8770950275447555,3
career_clarity_score=bajo + interview_anxiety_score=alto + seeks_career_counseling=si,burnout_cat=alto,0.059627664358305604,0.6443148688046647,1.8764109550128514,3
degree_type=b.tech/b.e. + fear_of_job_loss_to_ai=alto + motivation_score=bajo,burnout_cat=alto,0.07311808615882723,0.644215530903328,1.8761216574421433,3
motivation_score=bajo + seeks_career_counseling=si + uses_ai_for_assignments=rarely,burnout_cat=alto,0.0348052882453458,0.6439267886855241,1.8752807656873605,3
ai_dependency_score=alto + ai_replaces_own_thinking_score=medio + career_clarity_score=bajo,burnout_cat=alto,0.03786311718679737,0.6437308868501528,1.8747102490536534,3
college_tier=tier_3 + interview_anxiety_score=alto + seeks_career_counseling=si,burnout_cat=alto,0.07716521269898372,0.6436609152288071,1.8745064736587496,3
career_clarity_score=medio + fear_of_job_loss_to_ai=alto + motivation_score=bajo,burnout_cat=alto,0.07383757532152171,0.6434169278996864,1.8737959196743355,3
ai_dependency_score=alto + placement_anxiety_score=alto + sleep_hours=medio,burnout_cat=alto,0.06052702581167371,0.6434034416826004,1.873756644334425,3
degree_type=b.sc/b.a/b.com + placement_anxiety_score=alto + seeks_career_counseling=si,burnout_cat=alto,0.037143628024102884,0.6433021806853582,1.873461746212807,3
ai_dependency_score=alto + daily_ai_tool_usage_hrs=alto + interview_anxiety_score=alto,burnout_cat=alto,0.06745210900260815,0.6432246998284734,1.873236101988684,3
degree_type=b.sc/b.a/b.com + fear_of_job_loss_to_ai=alto + seeks_career_counseling=si,burnout_cat=alto,0.043169349761669217,0.642570281124498,1.8713302660616273,3
placement_anxiety_score=alto + seeks_career_counseling=si + social_media_hrs_per_day=medio,burnout_cat=alto,0.05513085709146506,0.6425576519916143,1.871293486771807,3
degree_type=b.tech/b.e. + seeks_career_counseling=si + stream=cs/it,burnout_cat=alto,0.04146056300026981,0.6420612813370474,1.8698479274978077,3
ai_dependency_score=alto + interview_anxiety_score=alto + uses_ai_for_assignments=frequently,burnout_cat=alto,0.03435560751866175,0.6420168067226891,1.869718405958507,3
ai_replaces_own_thinking_score=bajo + college_tier=tier_3 + stress_level=alto,burnout_cat=alto,0.03660401115208202,0.641955835962145,1.8695408433900182,3
seeks_career_counseling=si + stream=cs/it,burnout_cat=alto,0.09704110081841892,0.6418798334324807,1.8693195044357653,2
daily_study_hours=bajo + fear_of_job_loss_to_ai=alto + seeks_career_counseling=si,burnout_cat=alto,0.06646281140390323,0.6414930555555556,1.8681931075752285,3
degree_type=b.tech/b.e. + fear_of_job_loss_to_ai=alto + seeks_career_counseling=si,burnout_cat=alto,0.060796834247684145,0.6413662239089184,1.8678237411323373,3
ai_dependency_score=alto + interview_anxiety_score=alto,burnout_cat=alto,0.09128518751686303,0.6411876184459887,1.8673035959929147,2
internship_experience=0 + interview_anxiety_score=alto + motivation_score=bajo,burnout_cat=alto,0.03453547980933537,0.6410684474123539,1.8669565392294298,3
career_clarity_score=medio + daily_ai_tool_usage_hrs=alto + motivation_score=bajo,burnout_cat=alto,0.04766615702850976,0.6408706166868199,1.8663804051704427,3
ai_replaces_own_thinking_score=bajo + career_clarity_score=medio + stress_level=alto,burnout_cat=alto,0.03336630991995683,0.6407599309153713,1.8660580596773215,3
daily_study_hours=bajo + motivation_score=bajo + placement_anxiety_score=alto,burnout_cat=alto,0.07473693677488982,0.6407093292212798,1.8659106945027264,3
motivation_score=bajo + placement_anxiety_score=alto + social_media_hrs_per_day=medio,burnout_cat=alto,0.0620559402823995,0.6406685236768802,1.8657918582407624,3
college_tier=tier_2 + fear_of_job_loss_to_ai=alto + motivation_score=bajo,burnout_cat=alto,0.0612465149743682,0.6406396989651929,1.8657079132514351,3
college_tier=tier_2 + daily_ai_tool_usage_hrs=alto + motivation_score=bajo,burnout_cat=alto,0.03588452198938753,0.6404494382022471,1.8651538248744854,3
fear_of_job_loss_to_ai=alto + motivation_score=bajo,burnout_cat=alto,0.16575231585574243,0.6403752605976373,1.8649378005723227,2
ai_replaces_own_thinking_score=medio + daily_study_hours=medio + motivation_score=bajo,burnout_cat=alto,0.05252270887669754,0.6403508771929823,1.8648667898137168,3
seeks_career_counseling=si + sleep_hours=medio + uses_ai_for_assignments=sometimes,burnout_cat=alto,0.039661840093533594,0.6400580551523948,1.864014016563509,3
college_tier=tier_3 + seeks_career_counseling=si + stream=cs/it,burnout_cat=alto,0.05612015469016998,0.64,1.8638449449973808,3
interview_anxiety_score=alto + motivation_score=bajo + sleep_hours=medio,burnout_cat=alto,0.10117816350391222,0.6399317406143344,1.863646156074066,3
fear_of_job_loss_to_ai=alto + seeks_career_counseling=si + weekly_job_application_count=alto,burnout_cat=alto,0.11970500944329526,0.6395963479096588,1.8626694060784432,3
degree_type=b.sc/b.a/b.com + fear_of_job_loss_to_ai=alto + motivation_score=bajo,burnout_cat=alto,0.05225290044068711,0.639163916391639,1.8614100540488827,3
ai_replaces_own_thinking_score=medio + placement_anxiety_score=alto + uses_ai_for_assignments=frequently,burnout_cat=alto,0.03534490511736667,0.6390243902439023,1.8610037179470795,3
degree_type=b.sc/b.a/b.com + interview_anxiety_score=alto + seeks_career_counseling=si,burnout_cat=alto,0.03867254249482867,0.6389301634472511,1.860729305230483,3
career_clarity_score=bajo + seeks_career_counseling=si + social_media_hrs_per_day=alto,burnout_cat=alto,0.031657523158557424,0.6388384754990926,1.8604622862950262,3
daily_ai_tool_usage_hrs=alto + motivation_score=bajo + stress_level=medio,burnout_cat=alto,0.05773900530623258,0.6388059701492538,1.8603676223388037,3
ai_dependency_score=alto + daily_study_hours=medio + placement_anxiety_score=alto,burnout_cat=alto,0.042899541325658784,0.6385542168674699,1.8596344518987422,3
ai_replaces_own_thinking_score=bajo + stress_level=alto + weekly_job_application_count=alto,burnout_cat=alto,0.05459124021944419,0.6382754994742376,1.858822755016775,3
ai_replaces_own_thinking_score=medio + seeks_career_counseling=si + stress_level=medio,burnout_cat=alto,0.05674970770752766,0.6380182002022244,1.858073433223817,3
daily_study_hours=medio + seeks_career_counseling=si + stream=cs/it,burnout_cat=alto,0.045327817249752676,0.6379746835443039,1.8579467015005537,3
fear_of_job_loss_to_ai=alto + seeks_career_counseling=si,burnout_cat=alto,0.13940102527205683,0.6375976964212259,1.856848817838557,2
placement_anxiety_score=alto + seeks_career_counseling=si + sleep_hours=medio,burnout_cat=alto,0.08498965734328627,0.6372218476062037,1.8557542492229908,3
fear_of_job_loss_to_ai=alto + internship_experience=2 + seeks_career_counseling=si,burnout_cat=alto,0.04146056300026981,0.6367403314917127,1.854351950198102,3
daily_study_hours=medio + fear_of_job_loss_to_ai=alto + seeks_career_counseling=si,burnout_cat=alto,0.06439428006115658,0.6364444444444445,1.8534902508585065,3
daily_ai_tool_usage_hrs=alto + daily_study_hours=bajo + motivation_score=bajo,burnout_cat=alto,0.05018436909794046,0.6362599771949828,1.8529530346859648,3
ai_dependency_score=alto + career_clarity_score=bajo,burnout_cat=alto,0.04487813652306862,0.6356687898089173,1.8512313446530515,2
career_clarity_score=bajo + daily_ai_tool_usage_hrs=alto + interview_anxiety_score=alto,burnout_cat=alto,0.0348052882453458,0.6354679802955664,1.850646535596229,3
college_tier=tier_3 + fear_of_job_loss_to_ai=alto + seeks_career_counseling=si,burnout_cat=alto,0.0770752765536469,0.6352853965900667,1.8501148047891438,3
stress_level=alto + uses_ai_for_assignments=rarely + weekly_job_application_count=alto,burnout_cat=alto,0.030398417123842073,0.6341463414634146,1.8467975826955754,3
interview_anxiety_score=alto + seeks_career_counseling=si + sleep_hours=medio,burnout_cat=alto,0.08678838025002249,0.6340341655716163,1.8464708975879522,3
daily_ai_tool_usage_hrs=alto + motivation_score=bajo + social_media_hrs_per_day=medio,burnout_cat=alto,0.041910243726953865,0.6340136054421769,1.8464110211921332,3
seeks_career_counseling=si + uses_ai_for_assignments=sometimes + weekly_job_application_count=alto,burnout_cat=alto,0.04811583775519381,0.6338862559241707,1.8460401465743461,3
daily_ai_tool_usage_hrs=alto + seeks_career_counseling=si + stress_level=medio,burnout_cat=alto,0.04262973288964835,0.6336898395721926,1.8454681315356756,3
career_clarity_score=medio + resume_confidence_score=bajo + seeks_career_counseling=si,burnout_cat=alto,0.047216476301825704,0.6332931242460796,1.844312794261959,3
ai_replaces_own_thinking_score=medio + college_tier=tier_2 + placement_anxiety_score=alto,burnout_cat=alto,0.03804298947747099,0.6332335329341316,1.8441392490033026,3
seeks_career_counseling=si + sleep_hours=medio + stream=cs/it,burnout_cat=alto,0.06484396078784063,0.6330114135206322,1.8434923800251202,3
ai_dependency_score=alto + degree_type=b.tech/b.e. + interview_anxiety_score=alto,burnout_cat=alto,0.04002158467488084,0.6330014224751067,1.8434632835255922,3
college_tier=tier_2 + daily_ai_tool_usage_hrs=alto + placement_anxiety_score=alto,burnout_cat=alto,0.030848097850526127,0.6328413284132841,1.8429970483570732,3
daily_study_hours=bajo + interview_anxiety_score=alto + seeks_career_counseling=si,burnout_cat=alto,0.06250562100908355,0.632393084622384,1.8416916469136424,3
ai_replaces_own_thinking_score=bajo + daily_study_hours=medio + stress_level=alto,burnout_cat=alto,0.03804298947747099,0.632286995515695,1.8413826880929838,3
degree_type=b.tech/b.e. + resume_confidence_score=bajo + seeks_career_counseling=si,burnout_cat=alto,0.048475582336541055,0.6318874560375147,1.8402191261605882,3
daily_ai_tool_usage_hrs=medio + stress_level=alto + uses_ai_for_assignments=rarely,burnout_cat=alto,0.03102797014119975,0.6318681318681318,1.8401628491989936,3
stress_level=alto + uses_ai_for_assignments=rarely,burnout_cat=alto,0.03633420271607159,0.63125,1.8383626898899945,2
internship_experience=1 + resume_confidence_score=bajo + seeks_career_counseling=si,burnout_cat=alto,0.0521629642953503,0.6311207834602829,1.8379863780238044,3
daily_ai_tool_usage_hrs=alto + internship_experience=1 + placement_anxiety_score=alto,burnout_cat=alto,0.035974458134724344,0.6309148264984227,1.8373865782702885,3
ai_replaces_own_thinking_score=bajo + daily_ai_tool_usage_hrs=medio + stress_level=alto,burnout_cat=alto,0.03453547980933537,0.6305418719211822,1.8363004384210644,3
internship_experience=0 + motivation_score=bajo + placement_anxiety_score=alto,burnout_cat=alto,0.031747459303894235,0.6303571428571428,1.8357624597769961,3
ai_replaces_own_thinking_score=medio + career_clarity_score=bajo + motivation_score=bajo,burnout_cat=alto,0.055310729382138685,0.6294779938587513,1.833202151313634,3
interview_anxiety_score=alto + seeks_career_counseling=si + social_media_hrs_per_day=medio,burnout_cat=alto,0.05450130407410738,0.6292834890965732,1.8326357033171286,3
internship_experience=1 + motivation_score=bajo + stream=cs/it,burnout_cat=alto,0.04379890277902689,0.6291989664082688,1.8323895514650446,3
ai_replaces_own_thinking_score=medio + motivation_score=bajo + social_media_hrs_per_day=alto,burnout_cat=alto,0.05701951614353809,0.628968253968254,1.8317176573789984,3
college_tier=tier_3 + daily_study_hours=medio + motivation_score=bajo,burnout_cat=alto,0.037323500314776506,0.6287878787878787,1.831192358366271,3
ai_replaces_own_thinking_score=medio + college_tier=tier_3 + motivation_score=bajo,burnout_cat=alto,0.06808166201996582,0.6282157676348548,1.8295262232404268,3
resume_confidence_score=bajo + seeks_career_counseling=si + social_media_hrs_per_day=alto,burnout_cat=alto,0.04676679557514165,0.6280193236714976,1.8289541277903043,3
internship_experience=1 + seeks_career_counseling=si + weekly_job_application_count=alto,burnout_cat=alto,0.05207302815001349,0.6279826464208242,1.8288473141836419,3
interview_anxiety_score=alto + resume_confidence_score=medio + seeks_career_counseling=si,burnout_cat=alto,0.03534490511736667,0.6277955271565494,1.8283023746604694,3
fear_of_job_loss_to_ai=alto + seeks_career_counseling=si + social_media_hrs_per_day=medio,burnout_cat=alto,0.061876067991725875,0.6277372262773723,1.8281325874746208,3
ai_dependency_score=alto + interview_anxiety_score=alto + sleep_hours=medio,burnout_cat=alto,0.06115657882903139,0.6273062730627307,1.8268775406454956,3
seeks_career_counseling=si + uses_ai_for_assignments=sometimes,burnout_cat=alto,0.056300026980843604,0.6272545090180361,1.826726790406376,2
ai_dependency_score=medio + placement_anxiety_score=alto + seeks_career_counseling=si,burnout_cat=alto,0.05432143178343376,0.6265560165975104,1.8246926004577573,3
daily_study_hours=bajo + interview_anxiety_score=alto + motivation_score=bajo,burnout_cat=alto,0.0819318284018347,0.626547455295736,1.8246676677405154,3
seeks_career_counseling=si + social_media_hrs_per_day=alto + weekly_job_application_count=alto,burnout_cat=alto,0.05099379440597176,0.6265193370165745,1.8245857800647698,3
ai_replaces_own_thinking_score=bajo + stress_level=alto,burnout_cat=alto,0.0629553017357676,0.6261180679785331,1.823417181208305,2
ai_dependency_score=alto + career_clarity_score=bajo + resume_confidence_score=bajo,burnout_cat=alto,0.03354618221063045,0.6258389261744967,1.8226042483326945,3
ai_replaces_own_thinking_score=medio + internship_experience=1 + motivation_score=bajo,burnout_cat=alto,0.05099379440597176,0.6258278145695364,1.8225718884752946,3
fear_of_job_loss_to_ai=alto + motivation_score=medio + stress_level=alto,burnout_cat=alto,0.035165032826693046,0.6255999999999999,1.8219084337349396,3
fear_of_job_loss_to_ai=alto + motivation_score=bajo + sleep_hours=medio,burnout_cat=alto,0.11206043708966634,0.6255020080321285,1.8216230558693653,3
daily_study_hours=medio + resume_confidence_score=bajo + seeks_career_counseling=si,burnout_cat=alto,0.047216476301825704,0.625,1.8201610790990046,3
fear_of_job_loss_to_ai=alto + seeks_career_counseling=si + sleep_hours=medio,burnout_cat=alto,0.09344365500494649,0.624024024024024,1.8173187855220332,3
ai_replaces_own_thinking_score=medio + daily_ai_tool_usage_hrs=medio + seeks_career_counseling=si,burnout_cat=alto,0.035075096681356235,0.6239999999999999,1.8172488213724458,3
seeks_career_counseling=si + social_media_hrs_per_day=alto,burnout_cat=alto,0.059537728212968793,0.6239396795475967,1.817073152668865,2
daily_ai_tool_usage_hrs=alto + interview_anxiety_score=alto + social_media_hrs_per_day=alto,burnout_cat=alto,0.03354618221063045,0.6237458193979933,1.816508581950311,3
daily_ai_tool_usage_hrs=alto + daily_study_hours=bajo + placement_anxiety_score=alto,burnout_cat=alto,0.04110081841892257,0.6234652114597545,1.8156913793140415,3
internship_experience=1 + seeks_career_counseling=si,burnout_cat=alto,0.06268549329975717,0.6228775692582663,1.8139800137723057,2
ai_dependency_score=alto + career_clarity_score=medio + interview_anxiety_score=alto,burnout_cat=alto,0.04262973288964835,0.6228646517739816,1.81394239472889,3
ai_dependency_score=medio + interview_anxiety_score=alto + seeks_career_counseling=si,burnout_cat=alto,0.057469196870222145,0.6228070175438597,1.813774548996903,3
college_tier=tier_3 + seeks_career_counseling=si + uses_ai_for_assignments=sometimes,burnout_cat=alto,0.031927331594567857,0.6228070175438597,1.813774548996903,3
ai_dependency_score=medio + motivation_score=bajo + placement_anxiety_score=alto,burnout_cat=alto,0.05944779206763198,0.6218250235183443,1.8109147293086618,3
ai_dependency_score=alto + career_clarity_score=bajo + daily_ai_tool_usage_hrs=alto,burnout_cat=alto,0.03012860868783164,0.6215213358070502,1.8100303124249844,3
motivation_score=medio + placement_anxiety_score=alto + stress_level=alto,burnout_cat=alto,0.03363611835596726,0.6212624584717609,1.8092763949050572,3
seeks_career_counseling=si + social_media_hrs_per_day=medio + stream=cs/it,burnout_cat=alto,0.0405612015469017,0.6212121212121212,1.809129799831738,3
ai_replaces_own_thinking_score=medio + motivation_score=bajo + stream=cs/it,burnout_cat=alto,0.08211170069250832,0.6206662134602312,1.8075399757633082,3
career_clarity_score=bajo + motivation_score=bajo + stream=cs/it,burnout_cat=alto,0.04235992445363792,0.6205533596837945,1.8072113164809092,3
fear_of_job_loss_to_ai=alto + seeks_career_counseling=no + stress_level=alto,burnout_cat=alto,0.04235992445363792,0.6205533596837945,1.8072113164809092,3
motivation_score=medio + stress_level=alto + weekly_job_application_count=alto,burnout_cat=alto,0.03687381958809245,0.6202723146747352,1.8063928409817653,3
ai_replaces_own_thinking_score=bajo + sleep_hours=medio + stress_level=alto,burnout_cat=alto,0.04119075456425938,0.6197564276048715,1.8048904448765233,3
college_tier=tier_3 + internship_experience=1 + seeks_career_counseling=si,burnout_cat=alto,0.03795305333213418,0.619676945668135,1.8046589729921407,3
daily_study_hours=bajo + fear_of_job_loss_to_ai=alto + motivation_score=bajo,burnout_cat=alto,0.08732799712204335,0.6196553924696874,1.8045962045234294,3
interview_anxiety_score=alto + motivation_score=bajo + social_media_hrs_per_day=medio,burnout_cat=alto,0.06250562100908355,0.6194295900178254,1.8039386095883185,3
ai_replaces_own_thinking_score=medio + motivation_score=bajo + weekly_job_application_count=alto,burnout_cat=alto,0.11098120334562461,0.6191670847967888,1.803174126730093,3
interview_anxiety_score=alto + motivation_score=medio + stress_level=alto,burnout_cat=alto,0.033006565338609586,0.6188870151770658,1.8023584918160802,3
fear_of_job_loss_to_ai=alto + placement_anxiety_score=alto + uses_ai_for_assignments=frequently,burnout_cat=alto,0.040831009982912135,0.6185286103542235,1.8013147246015218,3
daily_study_hours=bajo + seeks_career_counseling=si + social_media_hrs_per_day=alto,burnout_cat=alto,0.03804298947747099,0.6184210526315789,1.801001488792699,3
ai_replaces_own_thinking_score=medio + placement_anxiety_score=alto + social_media_hrs_per_day=alto,burnout_cat=alto,0.044698264232395,0.6181592039800996,1.8002389180342397,3
daily_ai_tool_usage_hrs=alto + motivation_score=bajo + resume_confidence_score=medio,burnout_cat=alto,0.03012860868783164,0.6180811808118082,1.8000116944595324,3
ai_replaces_own_thinking_score=medio + daily_ai_tool_usage_hrs=alto + placement_anxiety_score=alto,burnout_cat=alto,0.07230866085079593,0.6179861644888547,1.799734982438862,3
career_clarity_score=bajo + college_tier=tier_3 + seeks_career_counseling=si,burnout_cat=alto,0.043079413616332406,0.6172680412371134,1.7976436224503571,3
career_clarity_score=bajo + daily_study_hours=bajo + seeks_career_counseling=si,burnout_cat=alto,0.04451839194172138,0.6172069825436409,1.7974658037985183,3
resume_confidence_score=bajo + seeks_career_counseling=si + weekly_job_application_count=alto,burnout_cat=alto,0.09928950445183919,0.6171045276690889,1.7971674287984805,3
ai_dependency_score=alto + daily_study_hours=medio + interview_anxiety_score=alto,burnout_cat=alto,0.04101088227358576,0.6170500676589987,1.7970088272133071,3
college_tier=tier_3 + seeks_career_counseling=si + social_media_hrs_per_day=alto,burnout_cat=alto,0.03255688461192553,0.616695059625213,1.7959749523239243,3
internship_experience=1 + seeks_career_counseling=si + sleep_hours=medio,burnout_cat=alto,0.04325928590700603,0.6166666666666667,1.795892264711018,3
ai_replaces_own_thinking_score=medio + degree_type=b.tech/b.e. + motivation_score=bajo,burnout_cat=alto,0.05935785592229517,0.6162464985994398,1.7946686270107834,3
career_clarity_score=bajo + motivation_score=bajo + social_media_hrs_per_day=alto,burnout_cat=alto,0.03912222322151273,0.6161473087818697,1.794379760698169,3
college_tier=tier_3 + resume_confidence_score=bajo + seeks_career_counseling=si,burnout_cat=alto,0.0695206403453548,0.6159362549800796,1.7937651176331864,3
fear_of_job_loss_to_ai=alto + internship_experience=2 + motivation_score=bajo,burnout_cat=alto,0.04685673172047846,0.615112160566706,1.7913651423104253,3
fear_of_job_loss_to_ai=alto + seeks_career_counseling=si + social_media_hrs_per_day=bajo,burnout_cat=alto,0.03012860868783164,0.6146788990825688,1.7901033732056266,3
ai_dependency_score=alto + placement_anxiety_score=alto + social_media_hrs_per_day=medio,burnout_cat=alto,0.038402734058818236,0.6143884892086331,1.7892576248063885,3
motivation_score=bajo + uses_ai_for_assignments=sometimes + weekly_job_application_count=alto,burnout_cat=alto,0.058458494468927064,0.6143667296786389,1.7891942554470366,3
career_clarity_score=bajo + degree_type=b.tech/b.e. + seeks_career_counseling=si,burnout_cat=alto,0.031657523158557424,0.6143106457242583,1.7890309245175557,3
resume_confidence_score=bajo + seeks_career_counseling=si,burnout_cat=alto,0.11727673351920137,0.6142251530852567,1.7887819479190594,2
ai_replaces_own_thinking_score=medio + motivation_score=bajo + stress_level=medio,burnout_cat=alto,0.08157208382048746,0.6140825998645905,1.7883667962007284,3
ai_replaces_own_thinking_score=medio + motivation_score=bajo + resume_confidence_score=bajo,burnout_cat=alto,0.09839014299847108,0.6135726303982052,1.786881633681939,3
motivation_score=bajo + social_media_hrs_per_day=bajo + weekly_job_application_count=alto,burnout_cat=alto,0.033815990646640884,0.6133768352365415,1.7863114277095613,3
ai_dependency_score=medio + interview_anxiety_score=alto + motivation_score=bajo,burnout_cat=alto,0.06475402464250382,0.6132879045996593,1.7860524387751733,3
fear_of_job_loss_to_ai=alto + motivation_score=bajo + resume_confidence_score=medio,burnout_cat=alto,0.04820577390053062,0.6132723112128146,1.7860070268138515,3
daily_ai_tool_usage_hrs=alto + fear_of_job_loss_to_ai=alto + placement_anxiety_score=alto,burnout_cat=alto,0.08669844410468568,0.6128417037507947,1.7847529869054704,3
degree_type=b.sc/b.a/b.com + resume_confidence_score=bajo + seeks_career_counseling=si,burnout_cat=alto,0.03696375573342926,0.6125186289120714,1.783812109710142,3
career_clarity_score=bajo + seeks_career_counseling=si + weekly_job_application_count=alto,burnout_cat=alto,0.06466408849716701,0.6119148936170213,1.7820538769323362,3
college_tier=tier_3 + motivation_score=bajo + stream=cs/it,burnout_cat=alto,0.06232574871840993,0.6116504854368933,1.781283852166793,3
daily_study_hours=bajo + internship_experience=1 + seeks_career_counseling=si,burnout_cat=alto,0.033995862937314505,0.6116504854368932,1.7812838521667926,3
degree_type=b.tech/b.e. + seeks_career_counseling=si + social_media_hrs_per_day=medio,burnout_cat=alto,0.03552477740804029,0.6114551083591331,1.7807148637624937,3
college_tier=tier_2 + resume_confidence_score=bajo + seeks_career_counseling=si,burnout_cat=alto,0.03651407500674521,0.6114457831325301,1.780687706299267,3
daily_study_hours=medio + motivation_score=bajo + resume_confidence_score=bajo,burnout_cat=alto,0.05890817519561112,0.6110074626865671,1.779411204193803,3
daily_ai_tool_usage_hrs=alto + motivation_score=bajo + uses_ai_for_assignments=sometimes,burnout_cat=alto,0.03120784243187337,0.6109154929577465,1.7791433646404355,3
career_clarity_score=bajo + seeks_career_counseling=si,burnout_cat=alto,0.07410738375753215,0.6108228317272053,1.7788735112558396,2
ai_replaces_own_thinking_score=bajo + motivation_score=bajo + placement_anxiety_score=alto,burnout_cat=alto,0.05486104865545463,0.6106106106106106,1.7782554686692977,3
fear_of_job_loss_to_ai=alto + motivation_score=bajo + social_media_hrs_per_day=medio,burnout_cat=alto,0.07077974638007015,0.6105508145849495,1.7780813272315488,3
ai_replaces_own_thinking_score=medio + interview_anxiety_score=alto + uses_ai_for_assignments=frequently,burnout_cat=alto,0.03633420271607159,0.6102719033232628,1.7772690657546775,3
career_clarity_score=bajo + resume_confidence_score=bajo + seeks_career_counseling=si,burnout_cat=alto,0.056569835416854036,0.6100872938894277,1.7767314355045958,3
daily_ai_tool_usage_hrs=alto + degree_type=b.sc/b.a/b.com + placement_anxiety_score=alto,burnout_cat=alto,0.030668225559852505,0.6100178890876565,1.7765293108343774,3
ai_replaces_own_thinking_score=medio + motivation_score=bajo,burnout_cat=alto,0.13391492040651137,0.6099959033183121,1.7764652826077296,2
daily_ai_tool_usage_hrs=medio + placement_anxiety_score=alto + seeks_career_counseling=si,burnout_cat=alto,0.05450130407410738,0.6096579476861167,1.7754810687066347,3
motivation_score=medio + stress_level=alto,burnout_cat=alto,0.04262973288964835,0.609254498714653,1.7743061213222175,2
interview_anxiety_score=alto + seeks_career_counseling=no + stress_level=alto,burnout_cat=alto,0.03912222322151273,0.6092436974789917,1.7742746653402064,3
daily_ai_tool_usage_hrs=alto + daily_study_hours=bajo + interview_anxiety_score=alto,burnout_cat=alto,0.04496807266840543,0.6090133982947625,1.773603974761515,3
daily_ai_tool_usage_hrs=alto + internship_experience=1 + interview_anxiety_score=alto,burnout_cat=alto,0.03669394729741883,0.608955223880597,1.7734345558743734,3
ai_replaces_own_thinking_score=medio + career_clarity_score=bajo + placement_anxiety_score=alto,burnout_cat=alto,0.05558053781814912,0.6088669950738916,1.7731776108503408,3
career_clarity_score=bajo + college_tier=tier_3 + motivation_score=bajo,burnout_cat=alto,0.04685673172047846,0.6086448598130841,1.772530695720713,3
ai_replaces_own_thinking_score=medio + fear_of_job_loss_to_ai=alto + sleep_hours=bajo,burnout_cat=alto,0.031837395449231046,0.6082474226804124,1.7713732563602687,3
fear_of_job_loss_to_ai=alto + placement_anxiety_score=alto + sleep_hours=bajo,burnout_cat=alto,0.04119075456425938,0.6082337317397079,1.7713333848124178,3
ai_dependency_score=alto + daily_study_hours=bajo + resume_confidence_score=bajo,burnout_cat=alto,0.04928500764457235,0.6082130965593784,1.7712732898490644,3
career_clarity_score=medio + daily_study_hours=medio + seeks_career_counseling=si,burnout_cat=alto,0.04487813652306862,0.607795371498173,1.770056766811992,3
daily_study_hours=medio + internship_experience=1 + motivation_score=bajo,burnout_cat=alto,0.0314776508678838,0.607638888888889,1.7696010491240324,3
ai_replaces_own_thinking_score=medio + fear_of_job_loss_to_ai=alto + placement_anxiety_score=alto,burnout_cat=alto,0.10549509848007914,0.6074572760227861,1.769072145651482,3
placement_anxiety_score=alto + seeks_career_counseling=no + stress_level=alto,burnout_cat=alto,0.039661840093533594,0.6074380165289257,1.7690160570416775,3
ai_replaces_own_thinking_score=medio + internship_experience=1 + placement_anxiety_score=alto,burnout_cat=alto,0.04604730641244716,0.6073546856465006,1.7687733760354742,3
internship_experience=0 + seeks_career_counseling=si,burnout_cat=alto,0.03462541595467218,0.6072555205047319,1.7684845815851529,2
college_tier=tier_3 + degree_type=b.tech/b.e. + seeks_career_counseling=si,burnout_cat=alto,0.044068711215037325,0.607187112763321,1.7682853606116726,3
motivation_score=bajo + stream=cs/it + weekly_job_application_count=alto,burnout_cat=alto,0.09874988757981833,0.6069651741293531,1.7676390181100778,3
ai_dependency_score=alto + resume_confidence_score=bajo + social_media_hrs_per_day=alto,burnout_cat=alto,0.03426567137332494,0.6066878980891719,1.7668315188196706,3
ai_replaces_own_thinking_score=medio + internship_experience=2 + motivation_score=bajo,burnout_cat=alto,0.03633420271607159,0.6066066066066066,1.7665947770714663,3
internship_experience=0 + resume_confidence_score=bajo + seeks_career_counseling=si,burnout_cat=alto,0.03354618221063045,0.6065040650406504,1.7662961496037168,3
ai_replaces_own_thinking_score=medio + career_clarity_score=medio + motivation_score=bajo,burnout_cat=alto,0.0579188775969062,0.6064030131826742,1.7660018605495427,3
seeks_career_counseling=no + stress_level=alto + weekly_job_application_count=alto,burnout_cat=alto,0.04487813652306862,0.6063183475091131,1.7657552922875401,3
daily_study_hours=bajo + resume_confidence_score=bajo + seeks_career_counseling=si,burnout_cat=alto,0.0670923644212609,0.6060113728675873,1.7648613030158993,3
daily_ai_tool_usage_hrs=alto + placement_anxiety_score=alto + stream=cs/it,burnout_cat=alto,0.07419731990286896,0.605726872246696,1.7640327638844977,3
ai_dependency_score=alto + daily_study_hours=bajo + stress_level=medio,burnout_cat=alto,0.040741073837575324,0.6056149732620322,1.7637068852018165,3
interview_anxiety_score=alto + placement_anxiety_score=alto + uses_ai_for_assignments=frequently,burnout_cat=alto,0.039751776238870405,0.6054794520547946,1.7633122125189262,3
fear_of_job_loss_to_ai=alto + interview_anxiety_score=alto + sleep_hours=bajo,burnout_cat=alto,0.04101088227358576,0.6047745358090186,1.7612593147355888,3
ai_dependency_score=alto + interview_anxiety_score=alto + social_media_hrs_per_day=medio,burnout_cat=alto,0.0389423509308391,0.6047486033519552,1.7611837927371372,3
resume_confidence_score=bajo + seeks_career_counseling=si + sleep_hours=medio,burnout_cat=alto,0.07896393560571995,0.6046831955922866,1.7609933084836653,3
daily_study_hours=medio + motivation_score=bajo + stream=cs/it,burnout_cat=alto,0.05351200647540246,0.6046747967479674,1.7609688488844026,3
resume_confidence_score=bajo + seeks_career_counseling=si + social_media_hrs_per_day=medio,burnout_cat=alto,0.05018436909794046,0.6045503791982665,1.7606065129139667,3
ai_replaces_own_thinking_score=medio + daily_ai_tool_usage_hrs=alto + interview_anxiety_score=alto,burnout_cat=alto,0.07554636208292112,0.6043165467625898,1.7599255325964474,3
motivation_score=bajo + resume_confidence_score=bajo + stream=cs/it,burnout_cat=alto,0.08391042359924454,0.6042746113989638,1.7598034060097114,3
placement_anxiety_score=alto + resume_confidence_score=bajo + uses_ai_for_assignments=frequently,burnout_cat=alto,0.031837395449231046,0.6040955631399317,1.7592819713339185,3
career_clarity_score=medio + seeks_career_counseling=si + weekly_job_application_count=alto,burnout_cat=alto,0.0629553017357676,0.6039689387402933,1.7589132084477008,3
ai_replaces_own_thinking_score=medio + internship_experience=0 + motivation_score=bajo,burnout_cat=alto,0.03030848097850526,0.6039426523297491,1.7588366556454897,3
ai_replaces_own_thinking_score=bajo + fear_of_job_loss_to_ai=alto + motivation_score=bajo,burnout_cat=alto,0.05917798363162155,0.6036697247706422,1.75804182025269,3
placement_anxiety_score=alto + stream=cs/it + uses_ai_for_assignments=frequently,burnout_cat=alto,0.0356147135533771,0.6036585365853658,1.7580092373736727,3
motivation_score=bajo + resume_confidence_score=bajo + uses_ai_for_assignments=sometimes,burnout_cat=alto,0.051353538987319,0.6035940803382663,1.7578215241700323,3
ai_replaces_own_thinking_score=medio + college_tier=tier_2 + motivation_score=bajo,burnout_cat=alto,0.04874539077255149,0.6035634743875278,1.7577323917535153,3
career_clarity_score=medio + degree_type=b.tech/b.e. + seeks_career_counseling=si,burnout_cat=alto,0.03435560751866175,0.60347551342812,1.7574762267698445,3
daily_ai_tool_usage_hrs=alto + interview_anxiety_score=alto + placement_anxiety_score=alto,burnout_cat=alto,0.08453997661660222,0.6033376123234917,1.7570746232123897,3
college_tier=tier_3 + seeks_career_counseling=si + weekly_job_application_count=alto,burnout_cat=alto,0.08489972119794946,0.6028097062579821,1.7555372246942125,3
daily_study_hours=bajo + seeks_career_counseling=si + weekly_job_application_count=alto,burnout_cat=alto,0.07140929939742782,0.6024279210925645,1.7544253678963395,3
ai_replaces_own_thinking_score=medio + placement_anxiety_score=alto + stream=cs/it,burnout_cat=alto,0.0762658512456156,0.6022727272727272,1.7539734034954042,3
ai_dependency_score=alto + fear_of_job_loss_to_ai=alto + social_media_hrs_per_day=alto,burnout_cat=alto,0.03921215936684954,0.6022099447513812,1.7537905646125216,3
college_tier=tier_2 + daily_study_hours=medio + seeks_career_counseling=si,burnout_cat=alto,0.03102797014119975,0.6020942408376964,1.7534536049958998,3
career_clarity_score=medio + college_tier=tier_3 + seeks_career_counseling=si,burnout_cat=alto,0.04271966903498516,0.6020278833967048,1.7532603550256574,3
seeks_career_counseling=si + sleep_hours=medio + social_media_hrs_per_day=alto,burnout_cat=alto,0.03768324489612375,0.6020114942528735,1.753212625614903,3
internship_experience=1 + motivation_score=bajo + social_media_hrs_per_day=alto,burnout_cat=alto,0.032916629193272776,0.6019736842105263,1.753102513026936,3
motivation_score=bajo + social_media_hrs_per_day=alto + stream=cs/it,burnout_cat=alto,0.04658692328446803,0.6016260162601627,1.7520900143522127,3
college_tier=tier_3 + internship_experience=1 + motivation_score=bajo,burnout_cat=alto,0.04685673172047846,0.6016166281755196,1.7520626738301734,3
career_clarity_score=bajo + internship_experience=1 + motivation_score=bajo,burnout_cat=alto,0.034085799082651316,0.6015873015873016,1.751977267247042,3
college_tier=tier_3 + daily_study_hours=bajo + seeks_career_counseling=si,burnout_cat=alto,0.05701951614353809,0.6015180265654649,1.7517755205294407,3
ai_replaces_own_thinking_score=medio + degree_type=b.sc/b.a/b.com + motivation_score=bajo,burnout_cat=alto,0.0421800521629643,0.6012820512820514,1.7510882996870427,3
daily_ai_tool_usage_hrs=medio + motivation_score=bajo + placement_anxiety_score=alto,burnout_cat=alto,0.05989747279431604,0.6010830324909747,1.7505087056749995,3
degree_type=b.tech/b.e. + seeks_career_counseling=si,burnout_cat=alto,0.0762658512456156,0.6009922041105599,1.7502441900223455,2
career_clarity_score=bajo + daily_ai_tool_usage_hrs=alto + fear_of_job_loss_to_ai=alto,burnout_cat=alto,0.037233564169439695,0.6008708272859216,1.7498907094269673,3
resume_confidence_score=medio + seeks_career_counseling=si + stream=cs/it,burnout_cat=alto,0.03138771472254699,0.6006884681583478,1.7493596326486822,3
ai_replaces_own_thinking_score=medio + career_clarity_score=bajo + interview_anxiety_score=alto,burnout_cat=alto,0.05261264502203435,0.6006160164271047,1.749148634534567,3
daily_study_hours=bajo + degree_type=b.tech/b.e. + seeks_career_counseling=si,burnout_cat=alto,0.035974458134724344,0.6006006006006006,1.749103739674719,3
ai_replaces_own_thinking_score=medio + motivation_score=bajo + resume_confidence_score=medio,burnout_cat=alto,0.03552477740804029,0.6003039513677811,1.748239820654363,3
ai_replaces_own_thinking_score=medio + motivation_score=bajo + uses_ai_for_assignments=sometimes,burnout_cat=alto,0.04442845579638457,0.6002430133657352,1.7480623534870636,3
ai_dependency_score=alto + fear_of_job_loss_to_ai=alto + internship_experience=1,burnout_cat=alto,0.04262973288964835,0.6000000000000001,1.7473546359350447,3
college_tier=tier_3 + motivation_score=bajo + weekly_job_application_count=alto,burnout_cat=alto,0.09821027070779746,0.6,1.7473546359350445,3
placement_anxiety_score=alto + uses_ai_for_assignments=frequently,burnout_cat=alto,0.04568756183109992,0.5997638724911453,1.7466669717729293,2
daily_ai_tool_usage_hrs=alto + placement_anxiety_score=alto + uses_ai_for_assignments=frequently,burnout_cat=alto,0.04568756183109992,0.5997638724911453,1.7466669717729293,3
college_tier=tier_3 + motivation_score=bajo + uses_ai_for_assignments=sometimes,burnout_cat=alto,0.03678388344275564,0.5997067448680351,1.7465006014111268,3
daily_study_hours=bajo + seeks_career_counseling=si,burnout_cat=alto,0.08229157298318195,0.5996068152031455,1.7462095804724398,2
internship_experience=1 + motivation_score=bajo + weekly_job_application_count=alto,burnout_cat=alto,0.06673261983991366,0.5993537964458804,1.7454727246416302,3
degree_type=b.tech/b.e. + internship_experience=1 + motivation_score=bajo,burnout_cat=alto,0.03237701232125191,0.5990016638935108,1.7444472238952191,3
seeks_career_counseling=si + weekly_job_application_count=alto,burnout_cat=alto,0.1465059807536649,0.5988970588235294,1.7441425869719285,2
college_tier=tier_2 + seeks_career_counseling=si + weekly_job_application_count=alto,burnout_cat=alto,0.0488353269178883,0.5986769570011025,1.743501593738936,3
college_tier=tier_2 + seeks_career_counseling=si + sleep_hours=medio,burnout_cat=alto,0.03930209551218635,0.5986301369863014,1.7433652417890741,3
ai_dependency_score=alto + social_media_hrs_per_day=alto + weekly_job_application_count=alto,burnout_cat=alto,0.038222861768144614,0.5985915492957746,1.7432528644891876,3
career_clarity_score=bajo + degree_type=b.tech/b.e. + motivation_score=bajo,burnout_cat=alto,0.03741343646011332,0.5985611510791367,1.74316433704791,3
placement_anxiety_score=alto + seeks_career_counseling=si + uses_ai_for_assignments=rarely,burnout_cat=alto,0.03777318104146056,0.5982905982905983,1.742376417599047,3
career_clarity_score=bajo + seeks_career_counseling=si + sleep_hours=medio,burnout_cat=alto,0.04901519920856192,0.5982436882546651,1.7422398034844477,3
fear_of_job_loss_to_ai=alto + resume_confidence_score=medio + seeks_career_counseling=si,burnout_cat=alto,0.04667685942980484,0.5979262672811061,1.7413153918016286,3
ai_dependency_score=medio + seeks_career_counseling=si + uses_ai_for_assignments=sometimes,burnout_cat=alto,0.03021854483316845,0.5978647686832741,1.74113629203492,3
degree_type=b.sc/b.a/b.com + seeks_career_counseling=si + weekly_job_application_count=alto,burnout_cat=alto,0.04478820037773181,0.5978391356542617,1.7410616420481235,3
daily_ai_tool_usage_hrs=alto + fear_of_job_loss_to_ai=alto + interview_anxiety_score=alto,burnout_cat=alto,0.08660850795934887,0.5977653631284917,1.7408467974399422,3
career_clarity_score=medio + seeks_career_counseling=si,burnout_cat=alto,0.07671553197229966,0.5977575332866152,1.7408239949224396,2
ai_replaces_own_thinking_score=medio + motivation_score=bajo + sleep_hours=medio,burnout_cat=alto,0.09038582606349492,0.5975029726516052,1.7400826487462542,3
ai_replaces_own_thinking_score=medio + interview_anxiety_score=alto + social_media_hrs_per_day=alto,burnout_cat=alto,0.04901519920856192,0.5969331872946331,1.7384232869379321,3
daily_ai_tool_usage_hrs=medio + interview_anxiety_score=alto + seeks_career_counseling=si,burnout_cat=alto,0.05477111251011782,0.5964740450538688,1.737086146399677,3
placement_anxiety_score=alto + social_media_hrs_per_day=alto + stream=cs/it,burnout_cat=alto,0.0389423509308391,0.5964187327823691,1.7369250628096287,3
college_tier=tier_3 + seeks_career_counseling=si,burnout_cat=alto,0.09821027070779746,0.5963954123429819,1.7368571476798365,2
degree_type=b.tech/b.e. + seeks_career_counseling=si + sleep_hours=medio,burnout_cat=alto,0.052882453458044786,0.5963488843813387,1.73672164626404,3
ai_dependency_score=alto + ai_replaces_own_thinking_score=medio + social_media_hrs_per_day=alto,burnout_cat=alto,0.040741073837575324,0.5960526315789474,1.7358588817512612,3
daily_ai_tool_usage_hrs=medio + fear_of_job_loss_to_ai=alto + seeks_career_counseling=si,burnout_cat=alto,0.05944779206763198,0.5960324616771867,1.7358001417990148,3
ai_dependency_score=medio + fear_of_job_loss_to_ai=alto + seeks_career_counseling=si,burnout_cat=alto,0.05926791977695836,0.5958408679927668,1.7352421716112032,3
ai_dependency_score=alto + fear_of_job_loss_to_ai=alto + resume_confidence_score=bajo,burnout_cat=alto,0.07410738375753215,0.5958062183658712,1.7351412629675542,3
daily_study_hours=medio + motivation_score=bajo + weekly_job_application_count=alto,burnout_cat=alto,0.07797463800701501,0.595467032967033,1.7341534676690518,3
ai_dependency_score=alto + college_tier=tier_3 + resume_confidence_score=bajo,burnout_cat=alto,0.048025901609857,0.5953177257525083,1.7337186465799213,3
daily_ai_tool_usage_hrs=alto + placement_anxiety_score=alto + resume_confidence_score=bajo,burnout_cat=alto,0.06835147045597625,0.5951448707909162,1.7332152483824506,3
college_tier=tier_2 + seeks_career_counseling=si,burnout_cat=alto,0.05827862217825344,0.5950413223140496,1.7329136885306227,2
seeks_career_counseling=si + sleep_hours=medio + weekly_job_application_count=alto,burnout_cat=alto,0.09964924903318644,0.5947396672034353,1.7320351911039804,3
career_clarity_score=bajo + seeks_career_counseling=si + social_media_hrs_per_day=medio,burnout_cat=alto,0.030578289414515694,0.5944055944055945,1.7310622850172355,3
college_tier=tier_3 + seeks_career_counseling=si + social_media_hrs_per_day=medio,burnout_cat=alto,0.0438888389243637,0.5943970767356882,1.7310374793672385,3
ai_replaces_own_thinking_score=bajo + interview_anxiety_score=alto + motivation_score=bajo,burnout_cat=alto,0.05612015469016998,0.5942857142857143,1.7307131632118535,3
degree_type=b.tech/b.e. + seeks_career_counseling=si + weekly_job_application_count=alto,burnout_cat=alto,0.06691249213058728,0.5942492012779552,1.7306068279228872,3
degree_type=b.sc/b.a/b.com + motivation_score=bajo + stream=cs/it,burnout_cat=alto,0.03696375573342926,0.5939306358381502,1.7296790832594007,3
seeks_career_counseling=si,burnout_cat=alto,0.1729472074826873,0.5938851142680668,1.7295465127152,1
ai_dependency_score=alto + internship_experience=1 + weekly_job_application_count=alto,burnout_cat=alto,0.039841712384207216,0.593833780160858,1.7293970145648454,3
interview_anxiety_score=alto + placement_anxiety_score=alto + sleep_hours=bajo,burnout_cat=alto,0.04128069070959619,0.5937904269081501,1.7292707587196754,3
fear_of_job_loss_to_ai=alto + interview_anxiety_score=alto + uses_ai_for_assignments=frequently,burnout_cat=alto,0.04047126540156489,0.5936675461741425,1.7289128983526167,3
career_clarity_score=bajo + motivation_score=bajo + weekly_job_application_count=alto,burnout_cat=alto,0.07320802230416404,0.5932944606413993,1.7278263771272182,3
placement_anxiety_score=alto + uses_ai_for_assignments=frequently + weekly_job_application_count=alto,burnout_cat=alto,0.03930209551218635,0.5929443690637721,1.7268068202252702,3
degree_type=b.tech/b.e. + motivation_score=bajo + uses_ai_for_assignments=sometimes,burnout_cat=alto,0.030488353269178883,0.5926573426573427,1.7259709253554198,3
daily_study_hours=medio + degree_type=b.tech/b.e. + seeks_career_counseling=si,burnout_cat=alto,0.035974458134724344,0.5925925925925926,1.7257823564790562,3
daily_study_hours=medio + seeks_career_counseling=si + weekly_job_application_count=alto,burnout_cat=alto,0.06655274754924004,0.5924739791833467,1.7254369236615064,3
college_tier=tier_3 + daily_ai_tool_usage_hrs=alto + placement_anxiety_score=alto,burnout_cat=alto,0.05450130407410738,0.591796875,1.72346502177187,3
daily_ai_tool_usage_hrs=medio + fear_of_job_loss_to_ai=alto + motivation_score=bajo,burnout_cat=alto,0.0687112150373235,0.5917893106119287,1.723442992324263,3
ai_replaces_own_thinking_score=medio + placement_anxiety_score=alto + resume_confidence_score=medio,burnout_cat=alto,0.03021854483316845,0.5915492957746479,1.722744007259903,3
daily_study_hours=medio + degree_type=b.sc/b.a/b.com + motivation_score=bajo,burnout_cat=alto,0.030848097850526127,0.5913793103448276,1.7222489658785065,3
college_tier=tier_3 + motivation_score=bajo + social_media_hrs_per_day=alto,burnout_cat=alto,0.041910243726953865,0.5913705583756346,1.7222234778886014,3
ai_replaces_own_thinking_score=medio + fear_of_job_loss_to_ai=alto + interview_anxiety_score=alto,burnout_cat=alto,0.10711394909614173,0.5913604766633564,1.7221941173441226,3
ai_dependency_score=medio + fear_of_job_loss_to_ai=alto + motivation_score=bajo,burnout_cat=alto,0.06772191743861858,0.5910518053375196,1.721295186890487,3
seeks_career_counseling=si + stream=cs/it + stress_level=medio,burnout_cat=alto,0.05315226189405522,0.591,1.7211443163960187,3
ai_dependency_score=alto + college_tier=tier_3 + fear_of_job_loss_to_ai=alto,burnout_cat=alto,0.06250562100908355,0.5909863945578232,1.7211046938419161,3
degree_type=b.sc/b.a/b.com + seeks_career_counseling=si,burnout_cat=alto,0.05261264502203435,0.5909090909090908,1.7208795656936042,2
career_clarity_score=medio + seeks_career_counseling=si + sleep_hours=medio,burnout_cat=alto,0.05351200647540246,0.5908639523336643,1.7207481105285525,3
daily_study_hours=bajo + seeks_career_counseling=si + sleep_hours=medio,burnout_cat=alto,0.05674970770752766,0.5908239700374532,1.720631671777486,3
ai_dependency_score=alto + motivation_score=bajo + seeks_career_counseling=no,burnout_cat=alto,0.04155049914560662,0.5907928388746804,1.7205410098081642,3
interview_anxiety_score=alto + seeks_career_counseling=si + uses_ai_for_assignments=rarely,burnout_cat=alto,0.03804298947747099,0.5907821229050279,1.720509802142746,3
ai_dependency_score=alto + daily_study_hours=bajo + fear_of_job_loss_to_ai=alto,burnout_cat=alto,0.052972389603381596,0.5907723169508525,1.7204812446769326,3
seeks_career_counseling=si + social_media_hrs_per_day=alto + stress_level=medio,burnout_cat=alto,0.033995862937314505,0.590625,1.7200522197485593,3
daily_study_hours=medio + seeks_career_counseling=si,burnout_cat=alto,0.08049285007644573,0.5903693931398417,1.719307826695102,2
motivation_score=bajo + stream=cs/it,burnout_cat=alto,0.11844590340857991,0.5903182429403855,1.7191588641315207,2
daily_ai_tool_usage_hrs=medio + seeks_career_counseling=si + stream=cs/it,burnout_cat=alto,0.03372605450130407,0.5896226415094339,1.7171330934896267,3
motivation_score=bajo + social_media_hrs_per_day=bajo,burnout_cat=alto,0.040831009982912135,0.5896103896103897,1.7170974128019703,2
college_tier=tier_3 + daily_ai_tool_usage_hrs=alto + interview_anxiety_score=alto,burnout_cat=alto,0.057649069160895766,0.589154411764706,1.7157694877977383,3
daily_ai_tool_usage_hrs=alto + interview_anxiety_score=alto + resume_confidence_score=bajo,burnout_cat=alto,0.07104955481608058,0.5891126025354213,1.7156477285467127,3
career_clarity_score=medio + seeks_career_counseling=si + social_media_hrs_per_day=medio,burnout_cat=alto,0.03633420271607159,0.5889212827988338,1.7150905561655927,3
daily_ai_tool_usage_hrs=medio + seeks_career_counseling=si + uses_ai_for_assignments=sometimes,burnout_cat=alto,0.030398417123842073,0.5888501742160279,1.7148834696458917,3
career_clarity_score=medio + internship_experience=1 + motivation_score=bajo,burnout_cat=alto,0.036154330425397965,0.5885797950219619,1.7140960557488722,3
daily_ai_tool_usage_hrs=alto + placement_anxiety_score=alto + weekly_job_application_count=alto,burnout_cat=alto,0.08310099829121324,0.5885350318471338,1.713965693847114,3
motivation_score=bajo + stress_level=medio + uses_ai_for_assignments=sometimes,burnout_cat=alto,0.0421800521629643,0.588456712672522,1.7137376082257127,3
motivation_score=bajo + resume_confidence_score=bajo + weekly_job_application_count=alto,burnout_cat=alto,0.13022753844770213,0.5883787078423405,1.713510438056308,3
interview_anxiety_score=alto + resume_confidence_score=bajo + uses_ai_for_assignments=frequently,burnout_cat=alto,0.03264682075726234,0.5883306320907618,1.7133704290773126,3
motivation_score=bajo + sleep_hours=medio + uses_ai_for_assignments=sometimes,burnout_cat=alto,0.04973468837125641,0.5882978723404255,1.7132750242412758,3
college_tier=tier_3 + degree_type=b.tech/b.e. + motivation_score=bajo,burnout_cat=alto,0.05153341127799262,0.5882956878850102,1.7132686625441143,3
daily_ai_tool_usage_hrs=alto + placement_anxiety_score=alto,burnout_cat=alto,0.09722097310909254,0.588139281828074,1.7128131677963212,2
internship_experience=2 + seeks_career_counseling=si + weekly_job_application_count=alto,burnout_cat=alto,0.043079413616332406,0.5877300613496933,1.7116214122962912,3
ai_dependency_score=alto + daily_study_hours=bajo + weekly_job_application_count=alto,burnout_cat=alto,0.05306232574871841,0.5876494023904382,1.7113865126189842,3
daily_ai_tool_usage_hrs=medio + interview_anxiety_score=alto + motivation_score=bajo,burnout_cat=alto,0.06250562100908355,0.5874894336432799,1.7109206423990646,3
fear_of_job_loss_to_ai=alto + placement_anxiety_score=alto + social_media_hrs_per_day=alto,burnout_cat=alto,0.056479899271517225,0.587464920486436,1.7108492537686435,3
ai_replaces_own_thinking_score=medio + sleep_hours=bajo + weekly_job_application_count=alto,burnout_cat=alto,0.03201726773990467,0.5874587458745875,1.7108312717075793,3
college_tier=tier_3 + daily_study_hours=medio + seeks_career_counseling=si,burnout_cat=alto,0.03903228707617591,0.5872801082543978,1.7103110329179279,3
career_clarity_score=bajo + motivation_score=bajo,burnout_cat=alto,0.08453997661660222,0.5871330418488445,1.7098827376420382,2
daily_ai_tool_usage_hrs=alto + degree_type=b.tech/b.e. + placement_anxiety_score=alto,burnout_cat=alto,0.041820307581617054,0.5871212121212122,1.7098482864263378,3
ai_dependency_score=alto + college_tier=tier_3 + daily_study_hours=bajo,burnout_cat=alto,0.04244986059897473,0.5870646766169155,1.709683640467125,3
ai_dependency_score=medio + seeks_career_counseling=si + stream=cs/it,burnout_cat=alto,0.038222861768144614,0.5870165745856353,1.709543554954866,3
interview_anxiety_score=alto + resume_confidence_score=bajo + sleep_hours=bajo,burnout_cat=alto,0.0330965014839464,0.5869218500797447,1.7092676927806918,3
ai_dependency_score=alto + ai_replaces_own_thinking_score=medio + daily_study_hours=bajo,burnout_cat=alto,0.05504092094612825,0.5867689357622244,1.708822366877992,3
ai_replaces_own_thinking_score=medio + daily_study_hours=bajo + motivation_score=bajo,burnout_cat=alto,0.07761489342566777,0.5866757307953773,1.7085509299931376,3
ai_replaces_own_thinking_score=medio + interview_anxiety_score=alto + placement_anxiety_score=alto,burnout_cat=alto,0.10396618400935335,0.5865043125317098,1.7080517158302988,3
motivation_score=bajo + social_media_hrs_per_day=alto + weekly_job_application_count=alto,burnout_cat=alto,0.06934076805468117,0.5863117870722433,1.7074910320734082,3
seeks_career_counseling=si + social_media_hrs_per_day=medio + weekly_job_application_count=alto,burnout_cat=alto,0.06421440777048296,0.5862068965517241,1.7071855638445834,3
seeks_career_counseling=si + sleep_hours=medio,burnout_cat=alto,0.11727673351920137,0.5860674157303372,1.7067793597447927,2
fear_of_job_loss_to_ai=alto + motivation_score=bajo + stress_level=medio,burnout_cat=alto,0.0919147405342207,0.5860091743119266,1.7066097457240208,3
ai_dependency_score=alto + social_media_hrs_per_day=alto + stream=cs/it,burnout_cat=alto,0.03156758701322061,0.5859766277128547,1.7065149616394006,3
ai_replaces_own_thinking_score=medio + internship_experience=1 + interview_anxiety_score=alto,burnout_cat=alto,0.047216476301825704,0.5859375,1.7064010116553168,3
motivation_score=bajo + stream=cs/it + uses_ai_for_assignments=sometimes,burnout_cat=alto,0.03903228707617591,0.5856950067476383,1.7056948088074881,3
ai_dependency_score=alto + degree_type=b.sc/b.a/b.com + fear_of_job_loss_to_ai=alto,burnout_cat=alto,0.03750337260545013,0.5856741573033708,1.7056340898523257,3
seeks_career_counseling=si + social_media_hrs_per_day=medio,burnout_cat=alto,0.07662559582696285,0.5855670103092783,1.7053220501909023,2
motivation_score=bajo + uses_ai_for_assignments=sometimes,burnout_cat=alto,0.0696105764906916,0.5854765506807866,1.705058608438886,2
ai_dependency_score=alto + college_tier=tier_2 + fear_of_job_loss_to_ai=alto,burnout_cat=alto,0.04343915819767965,0.5854545454545456,1.7049945235487407,3
daily_study_hours=medio + seeks_career_counseling=si + sleep_hours=medio,burnout_cat=alto,0.05423149563809695,0.5854368932038835,1.704943115645359,3
internship_experience=2 + seeks_career_counseling=si,burnout_cat=alto,0.05117366669664538,0.5853909465020576,1.7048093070079566,2
daily_ai_tool_usage_hrs=alto + degree_type=b.sc/b.a/b.com + interview_anxiety_score=alto,burnout_cat=alto,0.030848097850526127,0.5853242320819113,1.7046150174224126,3
college_tier=tier_3 + degree_type=b.sc/b.a/b.com + motivation_score=bajo,burnout_cat=alto,0.033995862937314505,0.5851393188854489,1.7040765025372724,3
seeks_career_counseling=no + stress_level=alto,burnout_cat=alto,0.051353538987319,0.5850409836065573,1.703790124861527,2
degree_type=b.tech/b.e. + motivation_score=bajo + stream=cs/it,burnout_cat=alto,0.051713283568666245,0.5849440488301119,1.7035078258098517,3
interview_anxiety_score=alto + motivation_score=bajo + stress_level=medio,burnout_cat=alto,0.07815451029768865,0.5847913862718709,1.7030632330950581,3
daily_study_hours=bajo + seeks_career_counseling=si + social_media_hrs_per_day=medio,burnout_cat=alto,0.03318643762928321,0.5847860538827258,1.7030477038035692,3
ai_dependency_score=alto + resume_confidence_score=bajo + weekly_job_application_count=alto,burnout_cat=alto,0.07257846928680636,0.5847826086956521,1.7030376705308947,3
internship_experience=1 + placement_anxiety_score=alto + stream=cs/it,burnout_cat=alto,0.043079413616332406,0.5841463414634147,1.7011846963676553,3
career_clarity_score=bajo + motivation_score=bajo + resume_confidence_score=bajo,burnout_cat=alto,0.06745210900260815,0.5841121495327103,1.7010851206532753,3
college_tier=tier_3 + motivation_score=bajo + resume_confidence_score=bajo,burnout_cat=alto,0.08462991276193903,0.5841092489137183,1.7010766733032041,3
ai_dependency_score=medio + career_clarity_score=medio + seeks_career_counseling=si,burnout_cat=alto,0.03417573522798813,0.5837173579109063,1.699935385702296,3
ai_replaces_own_thinking_score=medio + career_clarity_score=bajo + fear_of_job_loss_to_ai=alto,burnout_cat=alto,0.05683964385286447,0.5835641735918745,1.6994892734856082,3
seeks_career_counseling=si + sleep_hours=medio + social_media_hrs_per_day=medio,burnout_cat=alto,0.054051623347423326,0.583495145631068,1.699288246273401,3
career_clarity_score=medio + motivation_score=bajo + stream=cs/it,burnout_cat=alto,0.055310729382138685,0.5834914611005693,1.6992775159709872,3
ai_replaces_own_thinking_score=bajo + placement_anxiety_score=alto + seeks_career_counseling=si,burnout_cat=alto,0.05495098480079144,0.5830152671755725,1.6978907165335753,3
motivation_score=bajo + placement_anxiety_score=alto + uses_ai_for_assignments=rarely,burnout_cat=alto,0.040741073837575324,0.5830115830115831,1.697879987298531,3
college_tier=tier_3 + seeks_career_counseling=si + sleep_hours=medio,burnout_cat=alto,0.06664268369457685,0.5830055074744296,1.6978622937685128,3
seeks_career_counseling=si + social_media_hrs_per_day=bajo + weekly_job_application_count=alto,burnout_cat=alto,0.03129777857721018,0.5829145728643217,1.6975974687476145,3
ai_dependency_score=alto + internship_experience=1 + resume_confidence_score=bajo,burnout_cat=alto,0.038312797913481425,0.5827633378932968,1.6971570335347217,3
degree_type=m.tech/m.sc + motivation_score=bajo,burnout_cat=alto,0.03579458584405072,0.582723279648609,1.6970403736021173,2
ai_dependency_score=alto + social_media_hrs_per_day=alto,burnout_cat=alto,0.04658692328446803,0.5826771653543307,1.6969060768923003,2
daily_study_hours=medio + seeks_career_counseling=si + social_media_hrs_per_day=medio,burnout_cat=alto,0.03867254249482867,0.5826558265582655,1.696843932818584,3
daily_study_hours=medio + motivation_score=bajo,burnout_cat=alto,0.09641154780106125,0.5826086956521739,1.696706675473159,2
motivation_score=bajo + resume_confidence_score=bajo + social_media_hrs_per_day=alto,burnout_cat=alto,0.06421440777048296,0.5823817292006525,1.6960456906710462,3
motivation_score=bajo + placement_anxiety_score=alto + stress_level=medio,burnout_cat=alto,0.07311808615882723,0.582378223495702,1.6960354811547171,3
ai_dependency_score=alto + ai_replaces_own_thinking_score=medio + internship_experience=1,burnout_cat=alto,0.040741073837575324,0.5822622107969152,1.6956976222762965,3
college_tier=tier_3 + motivation_score=bajo,burnout_cat=alto,0.11403903228707618,0.5821854912764004,1.6954741952598993,2
ai_replaces_own_thinking_score=medio + motivation_score=bajo + social_media_hrs_per_day=medio,burnout_cat=alto,0.05459124021944419,0.5819750719079578,1.694861399828335,3
ai_dependency_score=alto + fear_of_job_loss_to_ai=alto + weekly_job_application_count=alto,burnout_cat=alto,0.10045867434121773,0.5817708333333333,1.6942666044613235,3
degree_type=b.sc/b.a/b.com + seeks_career_counseling=si + sleep_hours=medio,burnout_cat=alto,0.034895224390682614,0.5817091454272864,1.694086953380303,3
interview_anxiety_score=alto + sleep_hours=bajo + weekly_job_application_count=alto,burnout_cat=alto,0.04173037143628024,0.5814536340852131,1.6933428385001268,3
ai_replaces_own_thinking_score=medio + college_tier=tier_2 + interview_anxiety_score=alto,burnout_cat=alto,0.038222861768144614,0.5813953488372092,1.6931730968362833,3
internship_experience=1 + motivation_score=bajo,burnout_cat=alto,0.0810324669484666,0.5812903225806453,1.6928672333091133,2
seeks_career_counseling=no + sleep_hours=medio + stress_level=alto,burnout_cat=alto,0.03345624606529364,0.5812499999999999,1.692749803562074,3
ai_replaces_own_thinking_score=medio + daily_study_hours=bajo + placement_anxiety_score=alto,burnout_cat=alto,0.06052702581167371,0.581174438687392,1.6925297495456029,3
daily_ai_tool_usage_hrs=alto + interview_anxiety_score=alto + stream=cs/it,burnout_cat=alto,0.07608597895494199,0.581043956043956,1.6921497504590743,3
ai_dependency_score=alto + college_tier=tier_3 + weekly_job_application_count=alto,burnout_cat=alto,0.06268549329975717,0.5808333333333333,1.691536362842675,3
ai_dependency_score=alto + daily_study_hours=bajo + stream=cs/it,burnout_cat=alto,0.041370626854933,0.5808080808080809,1.6914628209808935,3
ai_replaces_own_thinking_score=medio + degree_type=b.tech/b.e. + placement_anxiety_score=alto,burnout_cat=alto,0.05306232574871841,0.5807086614173228,1.6911732860919884,3
placement_anxiety_score=alto + sleep_hours=bajo + weekly_job_application_count=alto,burnout_cat=alto,0.04110081841892257,0.5806861499364676,1.6911077268579318,3
motivation_score=bajo + sleep_hours=medio + stream=cs/it,burnout_cat=alto,0.07959348862307762,0.5803278688524591,1.6900643200027483,3
college_tier=tier_2 + motivation_score=bajo + stream=cs/it,burnout_cat=alto,0.04038132925622808,0.5801033591731267,1.6894104899544253,3
ai_dependency_score=medio + degree_type=b.tech/b.e. + seeks_career_counseling=si,burnout_cat=alto,0.03462541595467218,0.5798192771084337,1.6885831697665465,3
ai_replaces_own_thinking_score=medio + interview_anxiety_score=alto + stream=cs/it,burnout_cat=alto,0.07878406331504632,0.5797485109199206,1.6883770803872702,3
college_tier=tier_2 + daily_study_hours=medio + motivation_score=bajo,burnout_cat=alto,0.04119075456425938,0.5797468354430381,1.6883722009667732,3
college_tier=tier_2 + motivation_score=bajo + social_media_hrs_per_day=alto,burnout_cat=alto,0.03138771472254699,0.5797342192691031,1.6883354594167514,3
career_clarity_score=bajo + daily_ai_tool_usage_hrs=alto + resume_confidence_score=bajo,burnout_cat=alto,0.03435560751866175,0.5796661608497723,1.688137255759198,3
motivation_score=bajo + social_media_hrs_per_day=alto,burnout_cat=alto,0.08364061516323411,0.5794392523364487,1.6874764396880493,2
ai_replaces_own_thinking_score=medio + college_tier=tier_3 + placement_anxiety_score=alto,burnout_cat=alto,0.06691249213058728,0.5794392523364486,1.687476439688049,3
ai_replaces_own_thinking_score=medio + career_clarity_score=bajo + daily_ai_tool_usage_hrs=alto,burnout_cat=alto,0.035165032826693046,0.5792592592592593,1.6869522534582775,3
ai_dependency_score=alto + ai_replaces_own_thinking_score=medio + college_tier=tier_3,burnout_cat=alto,0.06016728123032647,0.5792207792207793,1.686840189668896,3
internship_experience=1 + motivation_score=bajo + resume_confidence_score=bajo,burnout_cat=alto,0.06727223671193452,0.5789473684210525,1.6860439469548671,3
ai_dependency_score=alto + resume_confidence_score=bajo + stream=cs/it,burnout_cat=alto,0.059627664358305604,0.5785340314136126,1.6848402030612777,3
ai_dependency_score=alto + resume_confidence_score=bajo + uses_ai_for_assignments=frequently,burnout_cat=alto,0.0314776508678838,0.578512396694215,1.68477719718255,3
career_clarity_score=medio + motivation_score=bajo + resume_confidence_score=bajo,burnout_cat=alto,0.06574332224120874,0.5783227848101266,1.6842249985080662,3
daily_study_hours=medio + degree_type=b.tech/b.e. + motivation_score=bajo,burnout_cat=alto,0.0421800521629643,0.5782983970406905,1.6841539750380927,3
ai_replaces_own_thinking_score=medio + college_tier=tier_3 + interview_anxiety_score=alto,burnout_cat=alto,0.07086968252540696,0.578136463683052,1.6836823833661225,3
ai_dependency_score=alto + placement_anxiety_score=alto + stress_level=medio,burnout_cat=alto,0.048295710045867433,0.5780409041980624,1.6834040895176154,3
fear_of_job_loss_to_ai=alto + resume_confidence_score=bajo + sleep_hours=bajo,burnout_cat=alto,0.033006565338609586,0.5779527559055118,1.6831473789715519,3
career_clarity_score=medio + college_tier=tier_3 + motivation_score=bajo,burnout_cat=alto,0.049554816080582785,0.5775681341719077,1.682027261356061,3
internship_experience=0 + motivation_score=bajo + weekly_job_application_count=alto,burnout_cat=alto,0.03750337260545013,0.577562326869806,1.682010348995645,3
motivation_score=bajo + stream=cs/it + stress_level=medio,burnout_cat=alto,0.06799172587462901,0.5775401069518716,1.6819456388679572,3
degree_type=b.tech/b.e. + motivation_score=bajo + resume_confidence_score=bajo,burnout_cat=alto,0.06475402464250382,0.5773857257417803,1.6814960409960331,3
interview_anxiety_score=alto + social_media_hrs_per_day=alto + stream=cs/it,burnout_cat=alto,0.04262973288964835,0.5773447015834349,1.6813765680739161,3
ai_replaces_own_thinking_score=medio + placement_anxiety_score=alto + weekly_job_application_count=alto,burnout_cat=alto,0.10243726953862757,0.5772934617334009,1.6812273444247472,3
daily_study_hours=bajo + motivation_score=bajo + uses_ai_for_assignments=sometimes,burnout_cat=alto,0.0381329256228078,0.5768707482993197,1.6799962939602242,3
motivation_score=bajo + weekly_job_application_count=alto,burnout_cat=alto,0.18176094972569476,0.57660485021398,1.6792219302067164,2
ai_dependency_score=medio + ai_replaces_own_thinking_score=medio + seeks_career_counseling=si,burnout_cat=alto,0.03426567137332494,0.5763993948562783,1.678623591253787,3
ai_replaces_own_thinking_score=bajo + interview_anxiety_score=alto + seeks_career_counseling=si,burnout_cat=alto,0.054681176364781,0.576303317535545,1.6783437893341342,3
daily_study_hours=medio + motivation_score=bajo + sleep_hours=medio,burnout_cat=alto,0.06574332224120874,0.5760441292356185,1.6775889662050398,3
college_tier=tier_2 + placement_anxiety_score=alto + stream=cs/it,burnout_cat=alto,0.03579458584405072,0.5759768451519537,1.6773930176125125,3
fear_of_job_loss_to_ai=alto + seeks_career_counseling=si + uses_ai_for_assignments=rarely,burnout_cat=alto,0.03921215936684954,0.5759577278731837,1.6773373431697038,3
degree_type=b.tech/b.e. + motivation_score=bajo + weekly_job_application_count=alto,burnout_cat=alto,0.08498965734328627,0.5758683729433273,1.6770771185848234,3
daily_study_hours=bajo + seeks_career_counseling=si + stress_level=medio,burnout_cat=alto,0.050544113679287704,0.5758196721311475,1.6769352892682632,3
placement_anxiety_score=alto + sleep_hours=bajo,burnout_cat=alto,0.047486284737836136,0.5757906215921482,1.6768506866116017,2
ai_dependency_score=alto + fear_of_job_loss_to_ai=alto + uses_ai_for_assignments=frequently,burnout_cat=alto,0.04433851965104776,0.5752625437572929,1.6753127878568201,3
ai_dependency_score=medio + resume_confidence_score=bajo + seeks_career_counseling=si,burnout_cat=alto,0.05225290044068711,0.5752475247524752,1.6752690486439947,3
career_clarity_score=medio + daily_ai_tool_usage_hrs=alto + placement_anxiety_score=alto,burnout_cat=alto,0.050544113679287704,0.5752302968270214,1.6752188764849794,3
ai_dependency_score=alto + daily_study_hours=bajo,burnout_cat=alto,0.06268549329975717,0.5750825082508251,1.6747884780620543,2
career_clarity_score=bajo + placement_anxiety_score=alto + stream=cs/it,burnout_cat=alto,0.046227178703120785,0.5749440715883668,1.6743853148221715,3
daily_ai_tool_usage_hrs=alto + degree_type=b.tech/b.e. + interview_anxiety_score=alto,burnout_cat=alto,0.044158647360374136,0.5749414519906324,1.674377685878429,3
ai_dependency_score=alto + ai_replaces_own_thinking_score=medio + resume_confidence_score=bajo,burnout_cat=alto,0.0728482777228168,0.5748757984386089,1.6741864858142725,3
motivation_score=bajo + social_media_hrs_per_day=alto + stress_level=medio,burnout_cat=alto,0.04910513535389873,0.5747368421052631,1.673781809158832,3
ai_replaces_own_thinking_score=medio + sleep_hours=bajo,burnout_cat=alto,0.03804298947747099,0.5747282608695652,1.6737568183888671,2
ai_replaces_own_thinking_score=medio + placement_anxiety_score=alto,burnout_cat=alto,0.1191653925712744,0.5745880312228968,1.6733484335168647,2
degree_type=b.tech/b.e. + motivation_score=bajo + social_media_hrs_per_day=alto,burnout_cat=alto,0.036154330425397965,0.5742857142857143,1.6724680086806853,3
motivation_score=bajo + social_media_hrs_per_day=medio + stream=cs/it,burnout_cat=alto,0.05045417753395089,0.5742067553735926,1.6722380599787783,3
ai_dependency_score=alto + daily_ai_tool_usage_hrs=alto + daily_study_hours=bajo,burnout_cat=alto,0.045237881104415865,0.5742009132420091,1.6722210461859346,3
seeks_career_counseling=si + stress_level=medio + uses_ai_for_assignments=sometimes,burnout_cat=alto,0.031747459303894235,0.5739837398373984,1.6715885812603541,3
internship_experience=2 + motivation_score=bajo + stream=cs/it,burnout_cat=alto,0.03462541595467218,0.5737704918032787,1.6709675480253157,3
daily_study_hours=bajo + motivation_score=bajo + stream=cs/it,burnout_cat=alto,0.06016728123032647,0.5737564322469983,1.6709266029739063,3
ai_dependency_score=medio + daily_study_hours=medio + seeks_career_counseling=si,burnout_cat=alto,0.0381329256228078,0.5737483085250338,1.6709029446018466,3
ai_replaces_own_thinking_score=medio + degree_type=b.sc/b.a/b.com + placement_anxiety_score=alto,burnout_cat=alto,0.036064394280061154,0.5736766809728183,1.6706943467094726,3
career_clarity_score=bajo + daily_ai_tool_usage_hrs=alto + weekly_job_application_count=alto,burnout_cat=alto,0.03786311718679737,0.5735694822888283,1.6703821565137458,3
ai_dependency_score=alto + interview_anxiety_score=alto + stress_level=medio,burnout_cat=alto,0.04910513535389873,0.5729275970619098,1.6685128213020886,3
college_tier=tier_3 + motivation_score=bajo + sleep_hours=medio,burnout_cat=alto,0.07869412716970951,0.5726439790575917,1.6676868525776223,3
degree_type=b.sc/b.a/b.com + motivation_score=bajo + resume_confidence_score=bajo,burnout_cat=alto,0.04874539077255149,0.5723336853220696,1.6667831972488454,3
internship_experience=2 + seeks_career_counseling=si + sleep_hours=medio,burnout_cat=alto,0.03426567137332494,0.572072072072072,1.66602131204017,3
daily_ai_tool_usage_hrs=alto + placement_anxiety_score=alto + sleep_hours=medio,burnout_cat=alto,0.06547351380519831,0.5718774548311076,1.66545453647645,3
ai_dependency_score=alto + daily_ai_tool_usage_hrs=alto + social_media_hrs_per_day=alto,burnout_cat=alto,0.03336630991995683,0.5716486902927581,1.6647883151820788,3
motivation_score=bajo + resume_confidence_score=bajo,burnout_cat=alto,0.15504991456066192,0.5716180371352785,1.6646990452873653,2
internship_experience=1 + motivation_score=bajo + sleep_hours=medio,burnout_cat=alto,0.057469196870222145,0.5715563506261181,1.6645193982744386,3
daily_ai_tool_usage_hrs=alto + interview_anxiety_score=alto,burnout_cat=alto,0.09964924903318644,0.5714285714285714,1.6641472723190898,2
career_clarity_score=medio + motivation_score=bajo + weekly_job_application_count=alto,burnout_cat=alto,0.08031297778577211,0.5713371721049265,1.6638810939326028,3
fear_of_job_loss_to_ai=alto + placement_anxiety_score=alto + stream=cs/it,burnout_cat=alto,0.10423599244536379,0.571217348447511,1.66353213656047,3
ai_dependency_score=alto + ai_replaces_own_thinking_score=medio + fear_of_job_loss_to_ai=alto,burnout_cat=alto,0.09776058998111341,0.5709033613445378,1.6626177251937966,3
fear_of_job_loss_to_ai=alto + interview_anxiety_score=alto + social_media_hrs_per_day=alto,burnout_cat=alto,0.058728302904937496,0.5708041958041958,1.6623289295827275,3
degree_type=b.sc/b.a/b.com + motivation_score=bajo + weekly_job_application_count=alto,burnout_cat=alto,0.055490601672812306,0.570767807585569,1.6622229577118757,3
daily_ai_tool_usage_hrs=medio + resume_confidence_score=bajo + seeks_career_counseling=si,burnout_cat=alto,0.052972389603381596,0.5707364341085271,1.6621315900609515,3
ai_dependency_score=alto + daily_ai_tool_usage_hrs=medio + fear_of_job_loss_to_ai=alto,burnout_cat=alto,0.030488353269178883,0.5707070707070707,1.6620460762681821,3
daily_ai_tool_usage_hrs=alto + interview_anxiety_score=alto + weekly_job_application_count=alto,burnout_cat=alto,0.08400035974458135,0.5705558949297496,1.66160581344261,3
fear_of_job_loss_to_ai=alto + resume_confidence_score=bajo + uses_ai_for_assignments=frequently,burnout_cat=alto,0.03462541595467218,0.5703703703703703,1.6610655181110914,3
placement_anxiety_score=alto + resume_confidence_score=bajo + sleep_hours=bajo,burnout_cat=alto,0.03138771472254699,0.5702614379084967,1.660748278707327,3
ai_dependency_score=alto + sleep_hours=medio + social_media_hrs_per_day=alto,burnout_cat=alto,0.030668225559852505,0.5702341137123746,1.6606687036060486,3
ai_dependency_score=alto + daily_study_hours=bajo + sleep_hours=medio,burnout_cat=alto,0.04280960518032197,0.570059880239521,1.6601612908285055,3
ai_replaces_own_thinking_score=medio + daily_study_hours=medio + placement_anxiety_score=alto,burnout_cat=alto,0.05315226189405522,0.5699132111861137,1.6597341527444731,3
college_tier=tier_3 + internship_experience=0 + motivation_score=bajo,burnout_cat=alto,0.03264682075726234,0.5698587127158555,1.6595754391533781,3
interview_anxiety_score=alto + sleep_hours=bajo,burnout_cat=alto,0.04811583775519381,0.56975505857295,1.6592735715748115,2
ai_dependency_score=alto + fear_of_job_loss_to_ai=alto + stream=cs/it,burnout_cat=alto,0.08265131756452919,0.569745815251085,1.6592466526392913,3
career_clarity_score=bajo + motivation_score=bajo + sleep_hours=medio,burnout_cat=alto,0.05701951614353809,0.5696316262353999,1.658914104796074,3
ai_dependency_score=medio + seeks_career_counseling=si + social_media_hrs_per_day=medio,burnout_cat=alto,0.034985160536019425,0.5695461200585651,1.6586650887719185,3
ai_replaces_own_thinking_score=medio + degree_type=b.tech/b.e. + interview_anxiety_score=alto,burnout_cat=alto,0.056389963126180415,0.569482288828338,1.658479195778494,3
degree_type=b.tech/b.e. + motivation_score=bajo + sleep_hours=medio,burnout_cat=alto,0.06736217285727134,0.5691489361702128,1.6575083869242,3
daily_ai_tool_usage_hrs=alto + daily_study_hours=medio + placement_anxiety_score=alto,burnout_cat=alto,0.04811583775519381,0.5691489361702128,1.6575083869242,3
motivation_score=bajo + sleep_hours=medio + weekly_job_application_count=alto,burnout_cat=alto,0.12483136972749348,0.5690856908569085,1.6573242002718611,3
career_clarity_score=bajo + placement_anxiety_score=alto + social_media_hrs_per_day=alto,burnout_cat=alto,0.03741343646011332,0.5690834473324213,1.6573176665503386,3
ai_replaces_own_thinking_score=medio + placement_anxiety_score=alto + resume_confidence_score=bajo,burnout_cat=alto,0.08894684773810595,0.5690448791714614,1.6572053461255838,3
ai_replaces_own_thinking_score=medio + daily_ai_tool_usage_hrs=medio + motivation_score=bajo,burnout_cat=alto,0.04874539077255149,0.5687303252885624,1.6562892841496921,3
daily_ai_tool_usage_hrs=medio + daily_study_hours=medio + seeks_career_counseling=si,burnout_cat=alto,0.03768324489612375,0.5685210312075983,1.6556797658452818,3
interview_anxiety_score=alto + uses_ai_for_assignments=frequently,burnout_cat=alto,0.046317114848457595,0.5684326710816777,1.6554224383858498,2
daily_ai_tool_usage_hrs=alto + interview_anxiety_score=alto + uses_ai_for_assignments=frequently,burnout_cat=alto,0.046317114848457595,0.5684326710816777,1.6554224383858498,3
internship_experience=2 + motivation_score=bajo + resume_confidence_score=bajo,burnout_cat=alto,0.03552477740804029,0.5683453237410072,1.6551680604180878,3
daily_study_hours=bajo + motivation_score=bajo + social_media_hrs_per_day=alto,burnout_cat=alto,0.053961687202086515,0.5681818181818181,1.654691890090004,3
degree_type=b.tech/b.e. + motivation_score=bajo,burnout_cat=alto,0.09713103696375573,0.5681220410310363,1.654517803620768,2
ai_replaces_own_thinking_score=bajo + fear_of_job_loss_to_ai=alto + seeks_career_counseling=si,burnout_cat=alto,0.05665977156219085,0.5680793507664563,1.6543934785678962,3
ai_replaces_own_thinking_score=medio + daily_study_hours=bajo + interview_anxiety_score=alto,burnout_cat=alto,0.06574332224120874,0.567987567987568,1.6541261834609136,3
ai_dependency_score=alto + college_tier=tier_3 + stream=cs/it,burnout_cat=alto,0.05153341127799262,0.5678889990089196,1.653839125191246,3
ai_dependency_score=alto + internship_experience=1 + stream=cs/it,burnout_cat=alto,0.032736756902599154,0.5678627145085803,1.653762577952044,3
career_clarity_score=bajo + daily_ai_tool_usage_hrs=alto,burnout_cat=alto,0.044068711215037325,0.5677867902665122,1.6535414669914483,2
internship_experience=1 + seeks_career_counseling=si + stress_level=medio,burnout_cat=alto,0.03543484126270348,0.5677233429394812,1.6533566920230727,3
ai_dependency_score=alto + daily_ai_tool_usage_hrs=alto + internship_experience=1,burnout_cat=alto,0.035974458134724344,0.56657223796034,1.6500043776534887,3
seeks_career_counseling=si + social_media_hrs_per_day=bajo,burnout_cat=alto,0.03678388344275564,0.5664819944598337,1.6497415653218677,2
career_clarity_score=medio + daily_study_hours=medio + motivation_score=bajo,burnout_cat=alto,0.05450130407410738,0.5663551401869159,1.6493721329854159,3
daily_ai_tool_usage_hrs=medio + motivation_score=bajo + uses_ai_for_assignments=sometimes,burnout_cat=alto,0.038402734058818236,0.5663129973474801,1.6492494021756499,3
career_clarity_score=bajo + fear_of_job_loss_to_ai=alto + placement_anxiety_score=alto,burnout_cat=alto,0.0778847018616782,0.5660130718954248,1.6483759419605104,3
ai_dependency_score=alto + internship_experience=1,burnout_cat=alto,0.04937494378990916,0.565979381443299,1.6482778266809954,2
ai_dependency_score=alto + daily_ai_tool_usage_hrs=alto + resume_confidence_score=bajo,burnout_cat=alto,0.06331504631711485,0.5659163987138264,1.6480944047404493,3
career_clarity_score=bajo + daily_ai_tool_usage_hrs=alto + stream=cs/it,burnout_cat=alto,0.03129777857721018,0.5658536585365853,1.6479116891745134,3
career_clarity_score=bajo + interview_anxiety_score=alto + stream=cs/it,burnout_cat=alto,0.04451839194172138,0.5657142857142857,1.647505799595899,3
college_tier=tier_2 + motivation_score=bajo + resume_confidence_score=bajo,burnout_cat=alto,0.05126360284198219,0.5654761904761905,1.6468124048990993,3
ai_dependency_score=alto + resume_confidence_score=bajo,burnout_cat=alto,0.08714812483136973,0.5653442240373396,1.6464280846179098,2
career_clarity_score=bajo + daily_study_hours=bajo + motivation_score=bajo,burnout_cat=alto,0.05450130407410738,0.5652985074626865,1.6462949461701444,3
ai_dependency_score=alto + fear_of_job_loss_to_ai=alto,burnout_cat=alto,0.12033456246065294,0.5652724968314322,1.6462191965083013,2
career_clarity_score=bajo + seeks_career_counseling=si + stress_level=medio,burnout_cat=alto,0.04244986059897473,0.5652694610778444,1.6462103556114591,3
interview_anxiety_score=alto + stream=cs/it + uses_ai_for_assignments=frequently,burnout_cat=alto,0.03588452198938753,0.565155807365439,1.6458793667093548,3
ai_dependency_score=alto + college_tier=tier_2 + weekly_job_application_count=alto,burnout_cat=alto,0.04101088227358576,0.5650557620817844,1.6455880090590258,3
ai_dependency_score=medio + seeks_career_counseling=si + weekly_job_application_count=alto,burnout_cat=alto,0.06484396078784063,0.5650470219435736,1.6455625555239901,3
ai_dependency_score=alto + degree_type=b.sc/b.a/b.com + weekly_job_application_count=alto,burnout_cat=alto,0.0348052882453458,0.564963503649635,1.6453193287271586,3
career_clarity_score=bajo + daily_ai_tool_usage_hrs=medio + seeks_career_counseling=si,burnout_cat=alto,0.03444554366399856,0.5648967551622418,1.6451249399290115,3
ai_replaces_own_thinking_score=medio + internship_experience=2 + placement_anxiety_score=alto,burnout_cat=alto,0.03210720388524148,0.564873417721519,1.6450569752869486,3
internship_experience=1 + motivation_score=bajo + stress_level=medio,burnout_cat=alto,0.04712654015648889,0.564655172413793,1.6444213887032384,3
daily_study_hours=medio + internship_experience=2 + motivation_score=bajo,burnout_cat=alto,0.03417573522798813,0.5646359583952452,1.6443654325292643,3
ai_dependency_score=medio + career_clarity_score=bajo + seeks_career_counseling=si,burnout_cat=alto,0.033815990646640884,0.5645645645645645,1.6441575152942358,3
ai_dependency_score=medio + daily_study_hours=medio + motivation_score=bajo,burnout_cat=alto,0.044068711215037325,0.5645161290322581,1.6440164585410366,3
ai_dependency_score=alto + resume_confidence_score=bajo + sleep_hours=medio,burnout_cat=alto,0.05899811134094793,0.5640584694754944,1.6426836359607182,3
career_clarity_score=bajo + fear_of_job_loss_to_ai=alto + social_media_hrs_per_day=alto,burnout_cat=alto,0.036064394280061154,0.5639943741209563,1.642496973769228,3
ai_dependency_score=alto + ai_replaces_own_thinking_score=medio + weekly_job_application_count=alto,burnout_cat=alto,0.09443295260365141,0.5639097744360901,1.6422505976833122,3
resume_confidence_score=medio + seeks_career_counseling=si + weekly_job_application_count=alto,burnout_cat=alto,0.047216476301825704,0.5639097744360901,1.6422505976833122,3
fear_of_job_loss_to_ai=alto + internship_experience=0 + interview_anxiety_score=alto,burnout_cat=alto,0.034985160536019425,0.5637681159420289,1.6418380516394497,3
career_clarity_score=medio + daily_ai_tool_usage_hrs=medio + seeks_career_counseling=si,burnout_cat=alto,0.032736756902599154,0.5634674922600619,1.640962557998855,3
resume_confidence_score=bajo + seeks_career_counseling=si + stress_level=medio,burnout_cat=alto,0.06475402464250382,0.5633802816901408,1.6407085783427644,3
career_clarity_score=bajo + motivation_score=bajo + social_media_hrs_per_day=medio,burnout_cat=alto,0.033995862937314505,0.563338301043219,1.6405863198794008,3
career_clarity_score=bajo + fear_of_job_loss_to_ai=alto + interview_anxiety_score=alto,burnout_cat=alto,0.0729382138681536,0.5631944444444444,1.6401673723881032,3
internship_experience=2 + motivation_score=bajo + weekly_job_application_count=alto,burnout_cat=alto,0.051713283568666245,0.5631733594515181,1.640105967454539,3
interview_anxiety_score=alto + uses_ai_for_assignments=frequently + weekly_job_application_count=alto,burnout_cat=alto,0.03930209551218635,0.5631443298969073,1.6400214259098251,3
internship_experience=0 + motivation_score=bajo,burnout_cat=alto,0.04496807266840543,0.5630630630630631,1.6397847559450494,2
college_tier=tier_2 + motivation_score=bajo + weekly_job_application_count=alto,burnout_cat=alto,0.06358485475312528,0.5628980891719745,1.639304309456046,3
internship_experience=0 + motivation_score=bajo + resume_confidence_score=bajo,burnout_cat=alto,0.0438888389243637,0.5628604382929643,1.639194660392737,3
daily_study_hours=bajo + internship_experience=1 + motivation_score=bajo,burnout_cat=alto,0.048385646191204244,0.5627615062761506,1.6389065448623674,3
motivation_score=bajo,burnout_cat=alto,0.21845489702311358,0.562528948587309,1.6382292769361677,1
ai_dependency_score=alto + daily_ai_tool_usage_hrs=alto + fear_of_job_loss_to_ai=alto,burnout_cat=alto,0.08822735857541146,0.5625,1.638144971189104,3
college_tier=tier_3 + daily_study_hours=bajo + motivation_score=bajo,burnout_cat=alto,0.07608597895494199,0.5625,1.638144971189104,3
daily_study_hours=medio + motivation_score=bajo + social_media_hrs_per_day=medio,burnout_cat=alto,0.045237881104415865,0.5620111731843576,1.6367213815183006,3
daily_ai_tool_usage_hrs=medio + motivation_score=bajo + social_media_hrs_per_day=alto,burnout_cat=alto,0.03750337260545013,0.5619946091644205,1.636673142823256,3
ai_replaces_own_thinking_score=medio + interview_anxiety_score=alto + resume_confidence_score=bajo,burnout_cat=alto,0.09299397427826243,0.5619565217391304,1.63656222242467,3
daily_ai_tool_usage_hrs=alto + fear_of_job_loss_to_ai=alto + resume_confidence_score=bajo,burnout_cat=alto,0.07500674521090026,0.5616161616161616,1.6355710060267419,3
fear_of_job_loss_to_ai=alto + seeks_career_counseling=si + stress_level=medio,burnout_cat=alto,0.07257846928680636,0.5615866388308977,1.6354850280672475,3
ai_replaces_own_thinking_score=medio + career_clarity_score=bajo + social_media_hrs_per_day=alto,burnout_cat=alto,0.032826693047935965,0.5615384615384615,1.6353447233751057,3
college_tier=tier_2 + fear_of_job_loss_to_ai=alto + placement_anxiety_score=alto,burnout_cat=alto,0.059807536648979226,0.5611814345991561,1.6343049689125242,3
interview_anxiety_score=alto + motivation_score=bajo + uses_ai_for_assignments=rarely,burnout_cat=alto,0.04209011601762749,0.5611510791366907,1.634216565982416,3
fear_of_job_loss_to_ai=alto + motivation_score=bajo + uses_ai_for_assignments=rarely,burnout_cat=alto,0.04343915819767965,0.5609756097560976,1.6337055539230092,3
motivation_score=bajo + resume_confidence_score=bajo + sleep_hours=medio,burnout_cat=alto,0.10594477920676319,0.560952380952381,1.6336379056599066,3
ai_replaces_own_thinking_score=medio + interview_anxiety_score=alto + weekly_job_application_count=alto,burnout_cat=alto,0.10558503462541595,0.5609173435260392,1.6335358676443241,3
daily_study_hours=bajo + placement_anxiety_score=alto + stream=cs/it,burnout_cat=alto,0.04928500764457235,0.5609007164790174,1.6334874453981651,3
career_clarity_score=medio + degree_type=b.sc/b.a/b.com + motivation_score=bajo,burnout_cat=alto,0.030668225559852505,0.5608552631578948,1.633355073612528,3
placement_anxiety_score=alto + seeks_career_counseling=si + stress_level=medio,burnout_cat=alto,0.06106664268369458,0.5606936416184971,1.632884390035639,3
ai_dependency_score=alto + fear_of_job_loss_to_ai=alto + sleep_hours=medio,burnout_cat=alto,0.08148214767515065,0.5606435643564357,1.6327385521422757,3
ai_dependency_score=medio + career_clarity_score=bajo + motivation_score=bajo,burnout_cat=alto,0.039571903948196784,0.5605095541401275,1.6323482798543942,3
ai_dependency_score=alto + ai_replaces_own_thinking_score=medio + degree_type=b.sc/b.a/b.com,burnout_cat=alto,0.03543484126270348,0.5604551920341394,1.6321899633911985,3
degree_type=b.sc/b.a/b.com + motivation_score=bajo,burnout_cat=alto,0.06727223671193452,0.5602996254681648,1.6317369134574449,2
fear_of_job_loss_to_ai=alto + internship_experience=1 + placement_anxiety_score=alto,burnout_cat=alto,0.06826153431063944,0.5601476014760147,1.6312941804116834,3
ai_dependency_score=medio + college_tier=tier_3 + seeks_career_counseling=si,burnout_cat=alto,0.04352909434301646,0.5595375722543353,1.6295176180974211,3
daily_ai_tool_usage_hrs=medio + seeks_career_counseling=si + weekly_job_application_count=alto,burnout_cat=alto,0.06475402464250382,0.5590062111801242,1.6279701577034573,3
motivation_score=bajo + resume_confidence_score=medio + stream=cs/it,burnout_cat=alto,0.03453547980933537,0.5589519650655022,1.6278121790370137,3
ai_dependency_score=medio + seeks_career_counseling=si,burnout_cat=alto,0.07725514884432053,0.5588809368900455,1.6276053266842365,2
ai_replaces_own_thinking_score=medio + interview_anxiety_score=alto,burnout_cat=alto,0.12429175285547261,0.5588354225636878,1.6274727772356323,2
daily_ai_tool_usage_hrs=alto + fear_of_job_loss_to_ai=alto + internship_experience=1,burnout_cat=alto,0.042989477470995595,0.5584112149532711,1.6262373753445314,3
interview_anxiety_score=alto + seeks_career_counseling=si + stress_level=medio,burnout_cat=alto,0.06241568486374674,0.5583266291230893,1.6259910396070272,3
ai_dependency_score=alto + internship_experience=1 + sleep_hours=medio,burnout_cat=alto,0.03363611835596726,0.5582089552238806,1.6256483428848423,3
daily_ai_tool_usage_hrs=alto + fear_of_job_loss_to_ai=alto + social_media_hrs_per_day=alto,burnout_cat=alto,0.03885241478550229,0.5581395348837209,1.625446172962832,3
fear_of_job_loss_to_ai=alto + sleep_hours=bajo + stream=cs/it,burnout_cat=alto,0.03201726773990467,0.5579937304075235,1.6250215527504595,3
college_tier=tier_3 + motivation_score=bajo + stress_level=medio,burnout_cat=alto,0.06583325838654555,0.5579268292682926,1.6248267193908186,3
daily_study_hours=bajo + motivation_score=bajo + weekly_job_application_count=alto,burnout_cat=alto,0.09794046227178703,0.5578893442622951,1.6247175533924723,3
career_clarity_score=bajo + interview_anxiety_score=alto + social_media_hrs_per_day=alto,burnout_cat=alto,0.0348052882453458,0.5576368876080692,1.6239823345505817,3
daily_ai_tool_usage_hrs=alto + daily_study_hours=bajo + fear_of_job_loss_to_ai=alto,burnout_cat=alto,0.051353538987319,0.5576171875,1.6239249627586432,3
daily_study_hours=bajo + motivation_score=bajo + stress_level=medio,burnout_cat=alto,0.07257846928680636,0.5573204419889503,1.623060763351267,3
degree_type=b.tech/b.e. + motivation_score=bajo + stress_level=medio,burnout_cat=alto,0.057379260724885334,0.5572052401746725,1.6227252659775233,3
ai_dependency_score=alto + stream=cs/it + weekly_job_application_count=alto,burnout_cat=alto,0.07914380789639357,0.5569620253164558,1.6220169616274676,3
daily_ai_tool_usage_hrs=alto + interview_anxiety_score=alto + sleep_hours=medio,burnout_cat=alto,0.06736217285727134,0.5568773234200743,1.6217702878752767,3
daily_study_hours=bajo + degree_type=b.tech/b.e. + motivation_score=bajo,burnout_cat=alto,0.05207302815001349,0.5567307692307693,1.6213434843051133,3
ai_replaces_own_thinking_score=medio + career_clarity_score=medio + placement_anxiety_score=alto,burnout_cat=alto,0.05495098480079144,0.5564663023679418,1.6205732886404256,3
ai_dependency_score=alto + college_tier=tier_3,burnout_cat=alto,0.07383757532152171,0.5562330623306233,1.619894033539602,2
motivation_score=bajo + stream=engineering_(non-cs) + weekly_job_application_count=alto,burnout_cat=alto,0.033815990646640884,0.5562130177514792,1.619835658559114,3
ai_dependency_score=alto + uses_ai_for_assignments=frequently + weekly_job_application_count=alto,burnout_cat=alto,0.04361903048835327,0.5561926605504587,1.619776373143151,3
college_tier=tier_3 + motivation_score=bajo + social_media_hrs_per_day=medio,burnout_cat=alto,0.049464879935245974,0.5561172901921132,1.6195568752347058,3
career_clarity_score=bajo + motivation_score=bajo + stress_level=medio,burnout_cat=alto,0.04892526306322511,0.5556690500510725,1.6182514844206062,3
ai_dependency_score=medio + seeks_career_counseling=si + sleep_hours=medio,burnout_cat=alto,0.05252270887669754,0.5556612749762131,1.6182288413987724,3
ai_dependency_score=alto + ai_replaces_own_thinking_score=medio + college_tier=tier_2,burnout_cat=alto,0.0405612015469017,0.5554187192118227,1.6175224564998054,3
degree_type=b.tech/b.e. + internship_experience=2 + motivation_score=bajo,burnout_cat=alto,0.03120784243187337,0.5552,1.6168854897852278,3
resume_confidence_score=medio + seeks_career_counseling=si,burnout_cat=alto,0.05567047396348593,0.5551569506726458,1.6167601190490175,2
ai_replaces_own_thinking_score=medio + placement_anxiety_score=alto + sleep_hours=medio,burnout_cat=alto,0.08031297778577211,0.5546583850931678,1.6153081675879866,3
motivation_score=bajo + placement_anxiety_score=alto + seeks_career_counseling=no,burnout_cat=alto,0.05495098480079144,0.5544464609800364,1.6146909899520754,3
interview_anxiety_score=alto + placement_anxiety_score=alto + social_media_hrs_per_day=alto,burnout_cat=alto,0.05908804748628474,0.5544303797468355,1.6146441572564336,3
motivation_score=bajo + social_media_hrs_per_day=medio + weekly_job_application_count=alto,burnout_cat=alto,0.0786041910243727,0.5542168674698796,1.6140223544781538,3
career_clarity_score=bajo + internship_experience=1 + placement_anxiety_score=alto,burnout_cat=alto,0.037233564169439695,0.5542168674698795,1.6140223544781536,3
motivation_score=bajo + sleep_hours=medio,burnout_cat=alto,0.14947387354977965,0.5541847282427476,1.6139287567656129,2
ai_dependency_score=alto + weekly_job_application_count=alto,burnout_cat=alto,0.11637737206583326,0.5541755888650964,1.6139021405424325,2
career_clarity_score=medio + daily_ai_tool_usage_hrs=alto + interview_anxiety_score=alto,burnout_cat=alto,0.048475582336541055,0.5539568345323741,1.6132650715467436,3
ai_dependency_score=alto + fear_of_job_loss_to_ai=alto + uses_ai_for_assignments=sometimes,burnout_cat=alto,0.038402734058818236,0.5538261997405967,1.6128846293650325,3
ai_dependency_score=alto + college_tier=tier_3 + daily_ai_tool_usage_hrs=alto,burnout_cat=alto,0.05369187876607608,0.5538033395176252,1.612818054504053,3
ai_replaces_own_thinking_score=bajo + seeks_career_counseling=si + stream=cs/it,burnout_cat=alto,0.033815990646640884,0.5537555228276878,1.6126787999793244,3
ai_replaces_own_thinking_score=medio + daily_study_hours=medio + interview_anxiety_score=alto,burnout_cat=alto,0.05333213418472884,0.5536881419234361,1.6124825694202947,3
ai_replaces_own_thinking_score=medio + career_clarity_score=bajo + stream=cs/it,burnout_cat=alto,0.039571903948196784,0.5534591194968554,1.61181559708893,3
daily_ai_tool_usage_hrs=alto + daily_study_hours=medio + interview_anxiety_score=alto,burnout_cat=alto,0.047486284737836136,0.5534591194968553,1.6118155970889299,3
college_tier=tier_2 + degree_type=b.tech/b.e. + motivation_score=bajo,burnout_cat=alto,0.03354618221063045,0.5534124629080118,1.6116797210775755,3
career_clarity_score=medio + motivation_score=bajo,burnout_cat=alto,0.09973918517852325,0.5533932135728543,1.611623662052532,2
career_clarity_score=medio + motivation_score=bajo + social_media_hrs_per_day=alto,burnout_cat=alto,0.03219714003057829,0.553323029366306,1.611419267554729,3
ai_dependency_score=alto + degree_type=b.tech/b.e. + fear_of_job_loss_to_ai=alto,burnout_cat=alto,0.051803219714003056,0.5533141210374639,1.611393324205228,3
ai_dependency_score=alto + degree_type=b.tech/b.e. + resume_confidence_score=bajo,burnout_cat=alto,0.03552477740804029,0.5532212885154061,1.6111229719755893,3
daily_study_hours=bajo + placement_anxiety_score=alto + social_media_hrs_per_day=alto,burnout_cat=alto,0.039841712384207216,0.5530586766541824,1.6106494043263107,3
college_tier=tier_2 + motivation_score=bajo,burnout_cat=alto,0.07734508498965734,0.5530546623794212,1.610637713723621,2
ai_replaces_own_thinking_score=medio + fear_of_job_loss_to_ai=alto + social_media_hrs_per_day=alto,burnout_cat=alto,0.05504092094612825,0.5528455284552846,1.6100286618371684,3
interview_anxiety_score=alto + placement_anxiety_score=alto + stream=cs/it,burnout_cat=alto,0.10414605630002698,0.5524809160305343,1.6089668164859903,3
ai_dependency_score=alto + college_tier=tier_3 + sleep_hours=medio,burnout_cat=alto,0.05045417753395089,0.5521653543307087,1.6080478194874672,3
fear_of_job_loss_to_ai=alto + internship_experience=0 + placement_anxiety_score=alto,burnout_cat=alto,0.032916629193272776,0.5520361990950226,1.6076716861544147,3
career_clarity_score=bajo + fear_of_job_loss_to_ai=alto + internship_experience=1,burnout_cat=alto,0.03588452198938753,0.5518672199170124,1.6071795752376272,3
college_tier=tier_2 + seeks_career_counseling=si + stress_level=medio,burnout_cat=alto,0.031657523158557424,0.5517241379310345,1.6067628836184316,3
daily_ai_tool_usage_hrs=medio + seeks_career_counseling=si + social_media_hrs_per_day=medio,burnout_cat=alto,0.03462541595467218,0.5515759312320917,1.6063312675143078,3
career_clarity_score=medio + motivation_score=bajo + sleep_hours=medio,burnout_cat=alto,0.0696105764906916,0.5512820512820512,1.6054754133591218,3
resume_confidence_score=medio + seeks_career_counseling=si + sleep_hours=medio,burnout_cat=alto,0.038312797913481425,0.5510996119016818,1.6049441028640123,3
motivation_score=bajo + resume_confidence_score=bajo + stress_level=medio,burnout_cat=alto,0.09038582606349492,0.5509868421052632,1.60461568815307,3
interview_anxiety_score=alto + sleep_hours=medio + uses_ai_for_assignments=frequently,burnout_cat=alto,0.030668225559852505,0.5508885298869144,1.6043293776355685,3
college_tier=tier_3 + daily_ai_tool_usage_hrs=medio + seeks_career_counseling=si,burnout_cat=alto,0.042899541325658784,0.5508083140877599,1.6040957685546888,3
ai_dependency_score=alto + career_clarity_score=medio + fear_of_job_loss_to_ai=alto,burnout_cat=alto,0.05899811134094793,0.5507976490344249,1.6040647091707096,3
internship_experience=1 + interview_anxiety_score=alto + stream=cs/it,burnout_cat=alto,0.0438888389243637,0.5507900677200903,1.6040426304294615,3
daily_study_hours=bajo + fear_of_job_loss_to_ai=alto + placement_anxiety_score=alto,burnout_cat=alto,0.07671553197229966,0.5506778566817301,1.6037158429659917,3
degree_type=b.sc/b.a/b.com + placement_anxiety_score=alto + stream=cs/it,burnout_cat=alto,0.037143628024102884,0.5506666666666666,1.603683254758163,3
motivation_score=bajo + sleep_hours=medio + social_media_hrs_per_day=alto,burnout_cat=alto,0.05432143178343376,0.5505925250683683,1.6034673353156592,3
degree_type=b.tech/b.e. + motivation_score=bajo + resume_confidence_score=medio,burnout_cat=alto,0.03237701232125191,0.5504587155963303,1.6030776476468298,3
motivation_score=bajo + stress_level=medio + weekly_job_application_count=alto,burnout_cat=alto,0.10441586473603741,0.5502369668246445,1.6024318580731332,3
ai_dependency_score=medio + daily_ai_tool_usage_hrs=medio + seeks_career_counseling=si,burnout_cat=alto,0.04586743412177354,0.5501618122977346,1.602212988721454,3
ai_dependency_score=alto + daily_ai_tool_usage_hrs=alto + weekly_job_application_count=alto,burnout_cat=alto,0.08489972119794946,0.5501165501165501,1.6020811735845786,3
ai_replaces_own_thinking_score=medio + interview_anxiety_score=alto + resume_confidence_score=medio,burnout_cat=alto,0.03129777857721018,0.5497630331753555,1.601051641141115,3
ai_dependency_score=alto + college_tier=tier_2 + sleep_hours=medio,burnout_cat=alto,0.033815990646640884,0.5497076023391813,1.6008902122601771,3
motivation_score=bajo + resume_confidence_score=bajo + social_media_hrs_per_day=medio,burnout_cat=alto,0.0653835776598615,0.5495086923658352,1.6003109351534106,3
internship_experience=2 + motivation_score=bajo,burnout_cat=alto,0.06277542944509398,0.5491738788355626,1.5993358718629178,2
daily_ai_tool_usage_hrs=alto + placement_anxiety_score=alto + social_media_hrs_per_day=medio,burnout_cat=alto,0.04119075456425938,0.5491606714628298,1.599297408589629,3
motivation_score=bajo + resume_confidence_score=medio + weekly_job_application_count=alto,burnout_cat=alto,0.05153341127799262,0.5488505747126436,1.5983943269329188,3
career_clarity_score=bajo + fear_of_job_loss_to_ai=alto + stream=cs/it,burnout_cat=alto,0.04604730641244716,0.5487674169346195,1.5981521500513447,3
ai_dependency_score=alto + fear_of_job_loss_to_ai=alto + social_media_hrs_per_day=medio,burnout_cat=alto,0.052702581167371164,0.548689138576779,1.5979241832989015,3
career_clarity_score=medio + degree_type=b.tech/b.e. + motivation_score=bajo,burnout_cat=alto,0.04262973288964835,0.5486111111111112,1.5976969472091265,3
fear_of_job_loss_to_ai=alto + interview_anxiety_score=alto + stream=cs/it,burnout_cat=alto,0.10360643942800611,0.5485714285714286,1.5975813814263264,3
daily_study_hours=bajo + internship_experience=0 + motivation_score=bajo,burnout_cat=alto,0.03426567137332494,0.5482014388489208,1.596503875998206,3
motivation_score=bajo + sleep_hours=medio + social_media_hrs_per_day=medio,burnout_cat=alto,0.06700242827592409,0.5481972038263428,1.5964915425209811,3
ai_replaces_own_thinking_score=medio + degree_type=b.sc/b.a/b.com + interview_anxiety_score=alto,burnout_cat=alto,0.03687381958809245,0.5481283422459893,1.5962909998515333,3
career_clarity_score=bajo + interview_anxiety_score=alto + placement_anxiety_score=alto,burnout_cat=alto,0.08013310549509849,0.5479704797047972,1.5958312634462126,3
daily_ai_tool_usage_hrs=medio + seeks_career_counseling=si,burnout_cat=alto,0.07572623437359474,0.5478204294079375,1.5953942783098107,2
ai_dependency_score=alto + resume_confidence_score=bajo + stress_level=medio,burnout_cat=alto,0.051623347423329434,0.5477099236641221,1.595072457103555,3
career_clarity_score=bajo + daily_ai_tool_usage_hrs=medio + motivation_score=bajo,burnout_cat=alto,0.03930209551218635,0.5476190476190477,1.5948078026391281,3
ai_replaces_own_thinking_score=medio + career_clarity_score=bajo + college_tier=tier_3,burnout_cat=alto,0.037323500314776506,0.5474934036939314,1.594441895147413,3
motivation_score=bajo + stress_level=medio,burnout_cat=alto,0.12860868783163953,0.5474732006125574,1.5943830585675813,2
fear_of_job_loss_to_ai=alto + internship_experience=1 + interview_anxiety_score=alto,burnout_cat=alto,0.06745210900260815,0.5474452554744526,1.5943016751232157,3
daily_study_hours=medio + resume_confidence_score=medio + seeks_career_counseling=si,burnout_cat=alto,0.03327637377462002,0.5473372781065089,1.5939872171991283,3
ai_dependency_score=alto + ai_replaces_own_thinking_score=medio + uses_ai_for_assignments=frequently,burnout_cat=alto,0.04370896663369008,0.5472972972972973,1.5938707827785876,3
ai_dependency_score=medio + internship_experience=1 + motivation_score=bajo,burnout_cat=alto,0.03552477740804029,0.5470914127423823,1.5932711938927575,3
daily_study_hours=bajo + motivation_score=bajo + resume_confidence_score=bajo,burnout_cat=alto,0.09299397427826243,0.5470899470899471,1.5932669255351286,3
ai_dependency_score=alto + sleep_hours=medio + weekly_job_application_count=alto,burnout_cat=alto,0.07842431873369908,0.5467084639498433,1.5921559483128096,3
ai_dependency_score=medio + seeks_career_counseling=si + uses_ai_for_assignments=rarely,burnout_cat=alto,0.031747459303894235,0.5464396284829721,1.591373030147241,3
career_clarity_score=bajo + daily_study_hours=bajo + placement_anxiety_score=alto,burnout_cat=alto,0.053871751056749705,0.5460346399270738,1.5901935990961584,3
ai_dependency_score=medio + ai_replaces_own_thinking_score=bajo + seeks_career_counseling=si,burnout_cat=alto,0.042989477470995595,0.545662100456621,1.5891086681448845,3
ai_dependency_score=alto + ai_replaces_own_thinking_score=medio + stream=cs/it,burnout_cat=alto,0.079413616332404,0.5453983940704139,1.58834068718411,3
ai_replaces_own_thinking_score=medio + fear_of_job_loss_to_ai=alto + internship_experience=1,burnout_cat=alto,0.054681176364781,0.5452914798206278,1.5880293253340911,3
ai_dependency_score=alto + college_tier=tier_2,burnout_cat=alto,0.04982462451659322,0.5452755905511811,1.5879830516863758,2
degree_type=b.sc/b.a/b.com + motivation_score=bajo + sleep_hours=medio,burnout_cat=alto,0.0455076895404263,0.5452586206896551,1.5879336310760281,3
ai_dependency_score=medio + daily_study_hours=bajo + seeks_career_counseling=si,burnout_cat=alto,0.03525496897202986,0.5452016689847009,1.5877677730332345,3
ai_dependency_score=alto + college_tier=tier_3 + degree_type=b.tech/b.e.,burnout_cat=alto,0.0330965014839464,0.5451851851851852,1.5877197679607318,3
fear_of_job_loss_to_ai=alto + placement_anxiety_score=alto + uses_ai_for_assignments=sometimes,burnout_cat=alto,0.06025721737566328,0.5451586655817737,1.5876425360407915,3
degree_type=b.tech/b.e. + seeks_career_counseling=si + stress_level=medio,burnout_cat=alto,0.04020145696555446,0.5451219512195122,1.5875356143556199,3
ai_dependency_score=alto + college_tier=tier_2 + daily_ai_tool_usage_hrs=alto,burnout_cat=alto,0.03696375573342926,0.5450928381962864,1.5874508297287868,3
college_tier=tier_2 + interview_anxiety_score=alto + placement_anxiety_score=alto,burnout_cat=alto,0.05342207033006565,0.544954128440367,1.5870468711703614,3
college_tier=tier_3 + placement_anxiety_score=alto + stream=cs/it,burnout_cat=alto,0.06880115118266031,0.5448717948717948,1.5868070945991322,3
motivation_score=bajo + stream=engineering_(non-cs),burnout_cat=alto,0.04101088227358576,0.5448028673835126,1.5866063599888098,2
internship_experience=1 + motivation_score=bajo + social_media_hrs_per_day=medio,burnout_cat=alto,0.032826693047935965,0.5447761194029851,1.586528462975849,3
fear_of_job_loss_to_ai=alto + interview_anxiety_score=medio + motivation_score=bajo,burnout_cat=alto,0.037323500314776506,0.5446194225721784,1.586072121419605,3
daily_ai_tool_usage_hrs=alto + resume_confidence_score=bajo + social_media_hrs_per_day=alto,burnout_cat=alto,0.03570464969871391,0.5445816186556927,1.5859620266717251,3
ai_dependency_score=alto + daily_study_hours=medio + fear_of_job_loss_to_ai=alto,burnout_cat=alto,0.05674970770752766,0.544434857635893,1.585534620757856,3
fear_of_job_loss_to_ai=alto + sleep_hours=bajo + weekly_job_application_count=alto,burnout_cat=alto,0.047396348592499325,0.5444214876033058,1.5854956837771494,3
ai_dependency_score=medio + motivation_score=bajo + uses_ai_for_assignments=sometimes,burnout_cat=alto,0.03534490511736667,0.5443213296398892,1.5852039979743133,3
career_clarity_score=medio + motivation_score=bajo + stress_level=medio,burnout_cat=alto,0.05917798363162155,0.544251447477254,1.58500048310623,3
career_clarity_score=medio + college_tier=tier_2 + motivation_score=bajo,burnout_cat=alto,0.03651407500674521,0.5442359249329759,1.5849552774567204,3
ai_dependency_score=alto + ai_replaces_own_thinking_score=medio,burnout_cat=alto,0.11430884072308661,0.5440924657534247,1.5845374873526268,2
ai_replaces_own_thinking_score=medio + internship_experience=2 + interview_anxiety_score=alto,burnout_cat=alto,0.03336630991995683,0.5439882697947214,1.5842340418668168,3
internship_experience=2 + motivation_score=bajo + sleep_hours=medio,burnout_cat=alto,0.04235992445363792,0.5438799076212472,1.58391846328985,3
college_tier=tier_3 + daily_ai_tool_usage_hrs=medio + motivation_score=bajo,burnout_cat=alto,0.051353538987319,0.5438095238095237,1.5837134874903338,3
ai_replaces_own_thinking_score=medio + fear_of_job_loss_to_ai=alto + resume_confidence_score=bajo,burnout_cat=alto,0.09892975987049195,0.5437469105289174,1.5835311414801028,3
placement_anxiety_score=alto + resume_confidence_score=bajo + stream=cs/it,burnout_cat=alto,0.08471984890727584,0.5435660703981535,1.5830044884120138,3
fear_of_job_loss_to_ai=alto + interview_anxiety_score=alto + placement_anxiety_score=alto,burnout_cat=alto,0.15936684953682886,0.543558282208589,1.5829818071967787,3
ai_replaces_own_thinking_score=medio + interview_anxiety_score=alto + uses_ai_for_assignments=sometimes,burnout_cat=alto,0.04101088227358576,0.5435041716328963,1.5828242232546292,3
placement_anxiety_score=alto + stream=cs/it + weekly_job_application_count=alto,burnout_cat=alto,0.10225739724795395,0.5432393693263259,1.5820530506913089,3
career_clarity_score=bajo + daily_study_hours=bajo + fear_of_job_loss_to_ai=alto,burnout_cat=alto,0.05207302815001349,0.5431519699812383,1.5817985212732812,3
ai_replaces_own_thinking_score=medio + placement_anxiety_score=alto + uses_ai_for_assignments=sometimes,burnout_cat=alto,0.03804298947747099,0.5430038510911425,1.5813671608911506,3
daily_study_hours=medio + motivation_score=bajo + resume_confidence_score=medio,burnout_cat=alto,0.03750337260545013,0.54296875,1.5812649374672603,3
degree_type=b.tech/b.e. + motivation_score=bajo + social_media_hrs_per_day=medio,burnout_cat=alto,0.04280960518032197,0.5427594070695553,1.5806552769005722,3
ai_dependency_score=alto + career_clarity_score=medio + college_tier=tier_3,burnout_cat=alto,0.03543484126270348,0.5426997245179063,1.5804814659283917,3
college_tier=tier_2 + motivation_score=bajo + sleep_hours=medio,burnout_cat=alto,0.05144347513265581,0.5426944971537002,1.5804662424965932,3
ai_dependency_score=alto + degree_type=b.sc/b.a/b.com,burnout_cat=alto,0.042899541325658784,0.5426621160409556,1.580371940350808,2
daily_ai_tool_usage_hrs=medio + degree_type=b.tech/b.e. + seeks_career_counseling=si,burnout_cat=alto,0.03210720388524148,0.5425531914893617,1.5800547239838167,3
daily_study_hours=bajo + motivation_score=bajo,burnout_cat=alto,0.11466858530443386,0.5423224159931944,1.5793826462620033,2
degree_type=b.sc/b.a/b.com + motivation_score=bajo + stress_level=medio,burnout_cat=alto,0.03939203165752316,0.5420792079207921,1.5786743616739882,3
ai_replaces_own_thinking_score=medio + interview_anxiety_score=alto + sleep_hours=medio,burnout_cat=alto,0.0835506790178973,0.5420070011668612,1.5784640769969431,3
fear_of_job_loss_to_ai=alto + placement_anxiety_score=alto + resume_confidence_score=bajo,burnout_cat=alto,0.12618041190754564,0.5419080726149093,1.578175971557144,3
daily_ai_tool_usage_hrs=medio + daily_study_hours=medio + motivation_score=bajo,burnout_cat=alto,0.042000179872290676,0.5417633410672854,1.5777544759892996,3
fear_of_job_loss_to_ai=alto + interview_anxiety_score=alto + uses_ai_for_assignments=sometimes,burnout_cat=alto,0.061966004137062686,0.5416666666666666,1.5774729352191372,3
ai_dependency_score=alto + ai_replaces_own_thinking_score=medio + stress_level=medio,burnout_cat=alto,0.06970051263602842,0.5415793151642208,1.5772185451312128,3
daily_ai_tool_usage_hrs=medio + seeks_career_counseling=si + sleep_hours=medio,burnout_cat=alto,0.0521629642953503,0.5415499533146592,1.577133035857961,3
motivation_score=bajo + resume_confidence_score=medio,burnout_cat=alto,0.06340498246245166,0.5414746543778801,1.5769137459475246,2
resume_confidence_score=bajo + seeks_career_counseling=si + uses_ai_for_assignments=rarely,burnout_cat=alto,0.03525496897202986,0.5414364640883977,1.5768025259819,3
ai_replaces_own_thinking_score=medio + placement_anxiety_score=alto + social_media_hrs_per_day=medio,burnout_cat=alto,0.05099379440597176,0.541030534351145,1.575620353968146,3
career_clarity_score=bajo + daily_study_hours=bajo + interview_anxiety_score=alto,burnout_cat=alto,0.050634049824624515,0.5408261287223823,1.5750250720964298,3
ai_replaces_own_thinking_score=medio + career_clarity_score=bajo + weekly_job_application_count=alto,burnout_cat=alto,0.059717600503642415,0.5407166123778502,1.5747061322758815,3
ai_dependency_score=medio + motivation_score=bajo + social_media_hrs_per_day=alto,burnout_cat=alto,0.037053691878766074,0.5406824146981627,1.5746065398189812,3
ai_dependency_score=alto + college_tier=tier_3 + social_media_hrs_per_day=medio,burnout_cat=alto,0.032916629193272776,0.5406203840472673,1.5744258905766277,3
ai_dependency_score=alto + degree_type=b.tech/b.e. + weekly_job_application_count=alto,burnout_cat=alto,0.053871751056749705,0.5406137184115524,1.5744064785275145,3
ai_dependency_score=alto + career_clarity_score=medio + resume_confidence_score=bajo,burnout_cat=alto,0.039661840093533594,0.5404411764705883,1.5739039919267865,3
career_clarity_score=bajo + fear_of_job_loss_to_ai=alto + resume_confidence_score=bajo,burnout_cat=alto,0.06655274754924004,0.5401459854014599,1.5730443194549062,3
daily_ai_tool_usage_hrs=alto + placement_anxiety_score=alto + uses_ai_for_assignments=sometimes,burnout_cat=alto,0.0314776508678838,0.5401234567901234,1.572978710332473,3
ai_replaces_own_thinking_score=bajo + resume_confidence_score=bajo + seeks_career_counseling=si,burnout_cat=alto,0.04694666786581527,0.5398138572905894,1.5720770767978165,3
seeks_career_counseling=si + stress_level=medio + weekly_job_application_count=alto,burnout_cat=alto,0.07887399946038313,0.5396923076923078,1.5717230930410608,3
motivation_score=bajo + sleep_hours=medio + stress_level=medio,burnout_cat=alto,0.09119525137152622,0.5396487493347525,1.5715962398777141,3
fear_of_job_loss_to_ai=alto + interview_anxiety_score=alto + resume_confidence_score=bajo,burnout_cat=alto,0.12788919866894505,0.539453717754173,1.5710282576502486,3
daily_ai_tool_usage_hrs=alto + interview_anxiety_score=alto + uses_ai_for_assignments=sometimes,burnout_cat=alto,0.03327637377462002,0.5393586005830904,1.570751251933835,3
motivation_score=bajo + resume_confidence_score=medio + stress_level=medio,burnout_cat=alto,0.038222861768144614,0.5393401015228426,1.5706973779026943,3
ai_dependency_score=medio + motivation_score=bajo + weekly_job_application_count=alto,burnout_cat=alto,0.07824444644302546,0.5390334572490707,1.5698043507470971,3
daily_study_hours=bajo + interview_anxiety_score=alto + uses_ai_for_assignments=sometimes,burnout_cat=alto,0.03363611835596726,0.5389048991354467,1.569429956387384,3
ai_dependency_score=alto + college_tier=tier_2 + stream=cs/it,burnout_cat=alto,0.03255688461192553,0.5386904761904762,1.568805501509142,3
seeks_career_counseling=si + stress_level=medio,burnout_cat=alto,0.09407320802230416,0.5386199794026776,1.568600196694178,2
daily_study_hours=bajo + fear_of_job_loss_to_ai=alto + interview_anxiety_score=alto,burnout_cat=alto,0.08166201996582427,0.538552787663108,1.5684045170314556,3
career_clarity_score=bajo + internship_experience=1 + interview_anxiety_score=alto,burnout_cat=alto,0.03525496897202986,0.5384615384615384,1.5681387758391423,3
motivation_score=bajo + resume_confidence_score=medio + sleep_hours=medio,burnout_cat=alto,0.04352909434301646,0.5383759733036707,1.5678895880470178,3
daily_study_hours=bajo + interview_anxiety_score=alto + stream=cs/it,burnout_cat=alto,0.05441136792877057,0.5382562277580071,1.567540858156438,3
ai_dependency_score=alto + placement_anxiety_score=alto + seeks_career_counseling=no,burnout_cat=alto,0.03552477740804029,0.5381471389645777,1.5672231634748923,3
ai_dependency_score=alto + ai_replaces_own_thinking_score=medio + daily_ai_tool_usage_hrs=alto,burnout_cat=alto,0.08714812483136973,0.538034425319267,1.5668949122904479,3
career_clarity_score=bajo + college_tier=tier_3 + placement_anxiety_score=alto,burnout_cat=alto,0.05351200647540246,0.5379746835443038,1.5667209288447128,3
motivation_score=bajo + social_media_hrs_per_day=medio,burnout_cat=alto,0.09398327187696735,0.5378281008749356,1.5662940423332659,2
ai_replaces_own_thinking_score=bajo + career_clarity_score=medio + seeks_career_counseling=si,burnout_cat=alto,0.037143628024102884,0.5377604166666666,1.5660969284747686,3
ai_dependency_score=alto + ai_replaces_own_thinking_score=medio + sleep_hours=medio,burnout_cat=alto,0.07689540426297328,0.5377358490566038,1.5660253812625398,3
placement_anxiety_score=alto + stream=cs/it,burnout_cat=alto,0.11952513715262164,0.5376213592233009,1.5656919573608912,2
seeks_career_counseling=si + sleep_hours=medio + stress_level=medio,burnout_cat=alto,0.06700242827592409,0.5371304974765682,1.5642624414462967,3
ai_dependency_score=alto + college_tier=tier_3 + stress_level=medio,burnout_cat=alto,0.04361903048835327,0.5370985603543743,1.5641694323154236,3
degree_type=b.tech/b.e. + internship_experience=1 + placement_anxiety_score=alto,burnout_cat=alto,0.03255688461192553,0.5370919881305638,1.5641502923058508,3
career_clarity_score=bajo + degree_type=b.tech/b.e. + placement_anxiety_score=alto,burnout_cat=alto,0.03912222322151273,0.5370370370370371,1.563990260559145,3
college_tier=tier_3 + placement_anxiety_score=alto + social_media_hrs_per_day=alto,burnout_cat=alto,0.03660401115208202,0.5369393139841688,1.5637056658433663,3
daily_ai_tool_usage_hrs=medio + motivation_score=bajo + weekly_job_application_count=alto,burnout_cat=alto,0.07950355247774081,0.5364077669902914,1.5621576640034178,3
ai_dependency_score=alto + resume_confidence_score=bajo + social_media_hrs_per_day=medio,burnout_cat=alto,0.037143628024102884,0.5363636363636364,1.562029144244964,3
career_clarity_score=bajo + college_tier=tier_3 + interview_anxiety_score=alto,burnout_cat=alto,0.05045417753395089,0.5363288718929254,1.5619279011465264,3
placement_anxiety_score=alto + social_media_hrs_per_day=alto + weekly_job_application_count=alto,burnout_cat=alto,0.0571094522888749,0.5363175675675677,1.5618949800376596,3
ai_dependency_score=medio + motivation_score=bajo + resume_confidence_score=bajo,burnout_cat=alto,0.0687112150373235,0.5361403508771929,1.5613788793618406,3
ai_dependency_score=alto + stream=cs/it + uses_ai_for_assignments=frequently,burnout_cat=alto,0.040741073837575324,0.5360946745562131,1.5612458581431463,3
daily_study_hours=bajo + interview_anxiety_score=alto + social_media_hrs_per_day=alto,burnout_cat=alto,0.044248583505710946,0.5359477124183006,1.5608178665214993,3
fear_of_job_loss_to_ai=alto + internship_experience=0 + weekly_job_application_count=alto,burnout_cat=alto,0.0356147135533771,0.5358592692828146,1.5605602973168191,3
ai_replaces_own_thinking_score=medio + career_clarity_score=bajo + resume_confidence_score=bajo,burnout_cat=alto,0.05459124021944419,0.5357458075904677,1.5602298676266135,3
daily_study_hours=bajo + internship_experience=1 + placement_anxiety_score=alto,burnout_cat=alto,0.039841712384207216,0.535671100362757,1.5600123009254832,3
daily_study_hours=medio + motivation_score=bajo + stress_level=medio,burnout_cat=alto,0.052702581167371164,0.5356489945155393,1.5599479230011213,3
ai_dependency_score=alto + uses_ai_for_assignments=frequently,burnout_cat=alto,0.05243277273136073,0.5353535353535354,1.559087469773693,2
ai_dependency_score=alto + daily_ai_tool_usage_hrs=alto + uses_ai_for_assignments=frequently,burnout_cat=alto,0.05243277273136073,0.5353535353535354,1.559087469773693,3
career_clarity_score=medio + seeks_career_counseling=si + stress_level=medio,burnout_cat=alto,0.04020145696555446,0.5353293413173653,1.5590170105049201,3
ai_dependency_score=alto + daily_ai_tool_usage_hrs=alto + degree_type=b.sc/b.a/b.com,burnout_cat=alto,0.0314776508678838,0.5351681957186544,1.5585477129899732,3
internship_experience=1 + interview_anxiety_score=alto + placement_anxiety_score=alto,burnout_cat=alto,0.06853134274664988,0.5351123595505618,1.5583851036780243,3
ai_dependency_score=alto + social_media_hrs_per_day=medio + weekly_job_application_count=alto,burnout_cat=alto,0.05081392211529814,0.5350378787878788,1.5581681965014207,3
interview_anxiety_score=alto + placement_anxiety_score=alto + uses_ai_for_assignments=sometimes,burnout_cat=alto,0.060706898102347334,0.53486529318542,1.5576655827471673,3
daily_study_hours=bajo + interview_anxiety_score=alto + placement_anxiety_score=alto,burnout_cat=alto,0.07878406331504632,0.5347985347985349,1.5574711651191486,3
internship_experience=2 + placement_anxiety_score=alto + stream=cs/it,burnout_cat=alto,0.03525496897202986,0.5347885402455661,1.5574420584050417,3
ai_dependency_score=alto + uses_ai_for_assignments=sometimes + weekly_job_application_count=alto,burnout_cat=alto,0.03525496897202986,0.5347885402455661,1.5574420584050417,3
interview_anxiety_score=alto + motivation_score=bajo + seeks_career_counseling=no,burnout_cat=alto,0.05818868603291663,0.534710743801653,1.5572154951101569,3
ai_dependency_score=alto + career_clarity_score=medio + weekly_job_application_count=alto,burnout_cat=alto,0.055490601672812306,0.5346620450606586,1.5570736718254226,3
daily_ai_tool_usage_hrs=medio + daily_study_hours=bajo + seeks_career_counseling=si,burnout_cat=alto,0.03417573522798813,0.5344585091420534,1.5564809227738323,3
ai_replaces_own_thinking_score=medio + fear_of_job_loss_to_ai=alto + uses_ai_for_assignments=frequently,burnout_cat=alto,0.044698264232395,0.5344086021505376,1.5563355807521813,3
daily_study_hours=bajo + motivation_score=bajo + sleep_hours=medio,burnout_cat=alto,0.07905387175105676,0.5343465045592706,1.556154736562213,3
ai_dependency_score=alto + fear_of_job_loss_to_ai=alto + stress_level=medio,burnout_cat=alto,0.07068981023473334,0.5343303874915024,1.5561077995070758,3
career_clarity_score=bajo + college_tier=tier_2 + fear_of_job_loss_to_ai=alto,burnout_cat=alto,0.03219714003057829,0.5343283582089552,1.556101889713298,3
ai_dependency_score=alto + stream=cs/it,burnout_cat=alto,0.09587193092904038,0.5340681362725451,1.555344056368368,2
daily_ai_tool_usage_hrs=medio + internship_experience=1 + motivation_score=bajo,burnout_cat=alto,0.03462541595467218,0.5339805825242718,1.55508907728847,3
career_clarity_score=bajo + college_tier=tier_3 + fear_of_job_loss_to_ai=alto,burnout_cat=alto,0.04820577390053062,0.5338645418326693,1.5547511368877553,3
ai_replaces_own_thinking_score=medio + daily_ai_tool_usage_hrs=alto + social_media_hrs_per_day=alto,burnout_cat=alto,0.03930209551218635,0.5335775335775337,1.5539152948791506,3
daily_ai_tool_usage_hrs=alto + motivation_score=bajo + seeks_career_counseling=no,burnout_cat=alto,0.04586743412177354,0.5334728033472803,1.553610293456891,3
ai_dependency_score=alto + daily_ai_tool_usage_hrs=alto + stream=cs/it,burnout_cat=alto,0.07959348862307762,0.5334538878842677,1.5535552067535812,3
daily_study_hours=medio + placement_anxiety_score=alto + stream=cs/it,burnout_cat=alto,0.06133645111970501,0.5332290852228303,1.552900523465859,3
daily_ai_tool_usage_hrs=alto + interview_anxiety_score=alto + social_media_hrs_per_day=medio,burnout_cat=alto,0.041370626854933,0.5330243337195829,1.5523042343185023,3
daily_ai_tool_usage_hrs=alto + daily_study_hours=bajo + stress_level=medio,burnout_cat=alto,0.04065113769223851,0.5330188679245284,1.552288316514623,3
career_clarity_score=alto + motivation_score=bajo,burnout_cat=alto,0.03417573522798813,0.5329593267882188,1.5521149173803575,2
ai_replaces_own_thinking_score=medio + daily_study_hours=bajo + fear_of_job_loss_to_ai=alto,burnout_cat=alto,0.07428725604820577,0.5329032258064516,1.5519515368627381,3
daily_study_hours=bajo + fear_of_job_loss_to_ai=alto + internship_experience=0,burnout_cat=alto,0.03003867254249483,0.5326953748006379,1.5513462211650844,3
seeks_career_counseling=si + uses_ai_for_assignments=rarely + weekly_job_application_count=alto,burnout_cat=alto,0.04262973288964835,0.5325842696629214,1.5510226543693093,3
college_tier=tier_2 + placement_anxiety_score=alto + resume_confidence_score=bajo,burnout_cat=alto,0.04280960518032197,0.5324384787472035,1.5505980736485478,3
college_tier=tier_3 + interview_anxiety_score=alto + stream=cs/it,burnout_cat=alto,0.07185898012411188,0.5323117921385743,1.5502291295937158,3
placement_anxiety_score=alto + social_media_hrs_per_day=alto,burnout_cat=alto,0.06691249213058728,0.5321888412017167,1.5498710647778648,2
placement_anxiety_score=alto + resume_confidence_score=bajo + social_media_hrs_per_day=alto,burnout_cat=alto,0.05360194262073927,0.5321428571428571,1.5497371473471526,3
internship_experience=0 + interview_anxiety_score=alto + placement_anxiety_score=alto,burnout_cat=alto,0.03579458584405072,0.5320855614973262,1.5495702876607569,3
college_tier=tier_2 + motivation_score=bajo + stress_level=medio,burnout_cat=alto,0.04487813652306862,0.5319829424307037,1.5492714344910932,3
daily_ai_tool_usage_hrs=alto + daily_study_hours=bajo + resume_confidence_score=bajo,burnout_cat=alto,0.049554816080582785,0.5318532818532818,1.5488938294726664,3
ai_dependency_score=alto + stress_level=medio + uses_ai_for_assignments=frequently,burnout_cat=alto,0.03156758701322061,0.5318181818181819,1.548791609124244,3
college_tier=tier_3 + fear_of_job_loss_to_ai=alto + interview_anxiety_score=alto,burnout_cat=alto,0.10549509848007914,0.5317316409791477,1.548539579897104,3
ai_replaces_own_thinking_score=medio + career_clarity_score=medio + interview_anxiety_score=alto,burnout_cat=alto,0.05369187876607608,0.5316117542297417,1.5481904387848344,3
ai_replaces_own_thinking_score=bajo + motivation_score=bajo + stream=cs/it,burnout_cat=alto,0.03633420271607159,0.531578947368421,1.5480948967494692,3
ai_dependency_score=alto + daily_ai_tool_usage_hrs=alto,burnout_cat=alto,0.10396618400935335,0.5314942528735632,1.5478482445524224,2
career_clarity_score=bajo + placement_anxiety_score=alto + weekly_job_application_count=alto,burnout_cat=alto,0.07914380789639357,0.5314009661835749,1.547576569668719,3
ai_replaces_own_thinking_score=bajo + college_tier=tier_3 + seeks_career_counseling=si,burnout_cat=alto,0.044158647360374136,0.5313852813852814,1.5475308914936992,3
ai_replaces_own_thinking_score=medio + career_clarity_score=bajo + daily_study_hours=bajo,burnout_cat=alto,0.04568756183109992,0.5313807531380753,1.5475177040707855,3
ai_replaces_own_thinking_score=medio + interview_anxiety_score=alto + social_media_hrs_per_day=medio,burnout_cat=alto,0.05261264502203435,0.5313351498637602,1.547384895582805,3
college_tier=tier_3 + daily_ai_tool_usage_hrs=alto + fear_of_job_loss_to_ai=alto,burnout_cat=alto,0.06331504631711485,0.5313207547169811,1.5473429732053727,3
ai_dependency_score=alto + fear_of_job_loss_to_ai=alto + internship_experience=2,burnout_cat=alto,0.03588452198938753,0.5312916111850865,1.5472580997294334,3
ai_dependency_score=alto + ai_replaces_own_thinking_score=medio + degree_type=b.tech/b.e.,burnout_cat=alto,0.049644752225919596,0.5312800769971125,1.5472245092013865,3
seeks_career_counseling=si + uses_ai_for_assignments=rarely,burnout_cat=alto,0.05198309200467668,0.53125,1.547136917234154,2
college_tier=tier_3 + fear_of_job_loss_to_ai=alto + placement_anxiety_score=alto,burnout_cat=alto,0.10324669484665887,0.5312355391022675,1.5470948033729994,3
daily_ai_tool_usage_hrs=medio + motivation_score=bajo + stream=cs/it,burnout_cat=alto,0.039841712384207216,0.5311750599520384,1.5469186725004491,3
fear_of_job_loss_to_ai=alto + sleep_hours=bajo,burnout_cat=alto,0.055220793236801874,0.5311418685121108,1.5468220104730643,2
ai_dependency_score=medio + college_tier=tier_3 + motivation_score=bajo,burnout_cat=alto,0.048475582336541055,0.5310344827586206,1.5465092754827403,3
career_clarity_score=medio + internship_experience=2 + motivation_score=bajo,burnout_cat=alto,0.03156758701322061,0.5310136157337367,1.546448505328292,3
career_clarity_score=bajo + placement_anxiety_score=alto + resume_confidence_score=bajo,burnout_cat=alto,0.07104955481608058,0.5309139784946236,1.5461583360088318,3
ai_replaces_own_thinking_score=medio + daily_ai_tool_usage_hrs=alto + internship_experience=1,burnout_cat=alto,0.04101088227358576,0.530849825378347,1.5459715056002725,3
ai_dependency_score=alto,burnout_cat=alto,0.14119974817879305,0.530764029749831,1.5457216466182215,1
ai_replaces_own_thinking_score=medio + resume_confidence_score=bajo + uses_ai_for_assignments=frequently,burnout_cat=alto,0.03336630991995683,0.530758226037196,1.5457047447112577,3
career_clarity_score=bajo + degree_type=b.tech/b.e. + interview_anxiety_score=alto,burnout_cat=alto,0.03660401115208202,0.530638852672751,1.5453570987083076,3
daily_ai_tool_usage_hrs=alto + internship_experience=1 + resume_confidence_score=bajo,burnout_cat=alto,0.04226998830830111,0.5304740406320542,1.5448771235693584,3
career_clarity_score=medio + placement_anxiety_score=alto + stream=cs/it,burnout_cat=alto,0.0604370896663369,0.5303867403314917,1.5446228825945143,3
fear_of_job_loss_to_ai=alto + placement_anxiety_score=alto + weekly_job_application_count=alto,burnout_cat=alto,0.1587372965194712,0.5303485576923078,1.5445116849085307,3
college_tier=tier_3 + seeks_career_counseling=si + stress_level=medio,burnout_cat=alto,0.05198309200467668,0.5302752293577981,1.5442981338997792,3
career_clarity_score=bajo + interview_anxiety_score=alto + resume_confidence_score=bajo,burnout_cat=alto,0.06781185358395539,0.530239099859353,1.544192915488776,3
ai_replaces_own_thinking_score=medio + career_clarity_score=bajo + stress_level=medio,burnout_cat=alto,0.041910243726953865,0.5301478953356086,1.5439273044098039,3
ai_dependency_score=medio + degree_type=b.tech/b.e. + motivation_score=bajo,burnout_cat=alto,0.042000179872290676,0.5300794551645857,1.5437279889929354,3
fear_of_job_loss_to_ai=alto + social_media_hrs_per_day=alto + stream=cs/it,burnout_cat=alto,0.047216476301825704,0.5297679112008072,1.5428206926772592,3
fear_of_job_loss_to_ai=alto + resume_confidence_score=bajo + social_media_hrs_per_day=alto,burnout_cat=alto,0.05899811134094793,0.5294592413236481,1.5419217664425466,3
motivation_score=medio + placement_anxiety_score=alto + seeks_career_counseling=si,burnout_cat=alto,0.0364241388614084,0.5294117647058824,1.5417835022956274,3
daily_study_hours=bajo + degree_type=b.tech/b.e. + placement_anxiety_score=alto,burnout_cat=alto,0.041370626854933,0.5293440736478711,1.541586368488915,3
ai_dependency_score=alto + daily_ai_tool_usage_hrs=alto + sleep_hours=medio,burnout_cat=alto,0.07059987408939652,0.5293324342548887,1.54155247157677,3
internship_experience=2 + motivation_score=bajo + stress_level=medio,burnout_cat=alto,0.03669394729741883,0.5291828793774319,1.5411169292293518,3
ai_dependency_score=alto + career_clarity_score=medio + stream=cs/it,burnout_cat=alto,0.047396348592499325,0.5291164658634538,1.5409235159601213,3
ai_dependency_score=alto + stress_level=medio + weekly_job_application_count=alto,burnout_cat=alto,0.06808166201996582,0.5290006988120196,1.540586372470101,3
career_clarity_score=bajo + placement_anxiety_score=alto,burnout_cat=alto,0.08975627304613724,0.5288818229994701,1.5402401754665027,2
college_tier=tier_2 + fear_of_job_loss_to_ai=alto + interview_anxiety_score=alto,burnout_cat=alto,0.056389963126180415,0.5286677908937606,1.5396168588129187,3
ai_dependency_score=alto + internship_experience=2 + weekly_job_application_count=alto,burnout_cat=alto,0.03354618221063045,0.5283286118980169,1.538629082161878,3
degree_type=b.sc/b.a/b.com + fear_of_job_loss_to_ai=alto + placement_anxiety_score=alto,burnout_cat=alto,0.054681176364781,0.5282363162467419,1.5383602934383247,3
ai_replaces_own_thinking_score=medio + daily_ai_tool_usage_hrs=alto + daily_study_hours=bajo,burnout_cat=alto,0.05342207033006565,0.528,1.5376720796228391,3
college_tier=tier_3 + interview_anxiety_score=alto + uses_ai_for_assignments=sometimes,burnout_cat=alto,0.044248583505710946,0.5278969957081545,1.5373721045780435,3
fear_of_job_loss_to_ai=alto + placement_anxiety_score=alto,burnout_cat=alto,0.18239050274305244,0.5277127244340359,1.5368354591362088,2
interview_anxiety_score=alto + social_media_hrs_per_day=alto + weekly_job_application_count=alto,burnout_cat=alto,0.06169619570105225,0.5276923076923077,1.5367760003223596,3
ai_dependency_score=alto + sleep_hours=medio + uses_ai_for_assignments=sometimes,burnout_cat=alto,0.030938033995862937,0.5276073619631901,1.536528616466399,3
ai_replaces_own_thinking_score=medio + career_clarity_score=bajo,burnout_cat=alto,0.06880115118266031,0.5275862068965517,1.5364670074601252,2
career_clarity_score=bajo + fear_of_job_loss_to_ai=alto + weekly_job_application_count=alto,burnout_cat=alto,0.07752495728033096,0.5275397796817626,1.536331799445133,3
ai_dependency_score=alto + sleep_hours=medio + stress_level=medio,burnout_cat=alto,0.05944779206763198,0.5275339185953711,1.5363147304510034,3
ai_replaces_own_thinking_score=medio + daily_ai_tool_usage_hrs=alto + fear_of_job_loss_to_ai=alto,burnout_cat=alto,0.09317384656893606,0.5274949083503054,1.536201122563396,3
ai_dependency_score=medio + ai_replaces_own_thinking_score=bajo + motivation_score=bajo,burnout_cat=alto,0.04658692328446803,0.5274949083503054,1.536201122563396,3
degree_type=b.tech/b.e. + fear_of_job_loss_to_ai=alto + placement_anxiety_score=alto,burnout_cat=alto,0.08085259465779297,0.5272727272727273,1.535554074003524,3
ai_dependency_score=alto + daily_ai_tool_usage_hrs=alto + degree_type=b.tech/b.e.,burnout_cat=alto,0.045327817249752676,0.5271966527196652,1.5353325252985743,3
career_clarity_score=medio + motivation_score=bajo + social_media_hrs_per_day=medio,burnout_cat=alto,0.04451839194172138,0.5271565495207667,1.5352157344477226,3
ai_replaces_own_thinking_score=medio + college_tier=tier_3 + fear_of_job_loss_to_ai=alto,burnout_cat=alto,0.07689540426297328,0.5271270036991369,1.5351296894003936,3
daily_study_hours=bajo + degree_type=b.sc/b.a/b.com + motivation_score=bajo,burnout_cat=alto,0.034085799082651316,0.5271210013908205,1.535112209131622,3
fear_of_job_loss_to_ai=alto + motivation_score=bajo + seeks_career_counseling=no,burnout_cat=alto,0.0695206403453548,0.5269256987048399,1.5345434373753573,3
seeks_career_counseling=si + social_media_hrs_per_day=medio + stress_level=medio,burnout_cat=alto,0.04244986059897473,0.5267857142857143,1.534135766669161,3
daily_ai_tool_usage_hrs=alto + degree_type=b.sc/b.a/b.com + fear_of_job_loss_to_ai=alto,burnout_cat=alto,0.0389423509308391,0.5267639902676399,1.534072500729672,3
ai_dependency_score=alto + sleep_hours=medio + stream=cs/it,burnout_cat=alto,0.06331504631711485,0.5265519820493643,1.5334550781579048,3
ai_dependency_score=alto + sleep_hours=medio,burnout_cat=alto,0.09542225020235633,0.5265508684863524,1.5334518351754194,2
degree_type=b.tech/b.e. + placement_anxiety_score=alto + stream=cs/it,burnout_cat=alto,0.05117366669664538,0.5263644773358002,1.5329090161070618,3
interview_anxiety_score=alto + resume_confidence_score=bajo + stream=cs/it,burnout_cat=alto,0.08669844410468568,0.5262008733624454,1.5324325591715635,3
ai_dependency_score=alto + career_clarity_score=medio + daily_ai_tool_usage_hrs=alto,burnout_cat=alto,0.05243277273136073,0.526173285198556,1.5323522153281153,3
placement_anxiety_score=alto + resume_confidence_score=bajo + uses_ai_for_assignments=sometimes,burnout_cat=alto,0.051623347423329434,0.5261228230980751,1.5322052566860913,3
ai_replaces_own_thinking_score=bajo + daily_study_hours=medio + motivation_score=bajo,burnout_cat=alto,0.0438888389243637,0.5258620689655172,1.5314458734488177,3
sleep_hours=bajo + stream=cs/it + weekly_job_application_count=alto,burnout_cat=alto,0.033006565338609586,0.5257879656160458,1.5312300653967557,3
ai_dependency_score=medio + college_tier=tier_2 + motivation_score=bajo,burnout_cat=alto,0.03417573522798813,0.5255878284923928,1.530647214512026,3
interview_anxiety_score=alto + resume_confidence_score=bajo + uses_ai_for_assignments=sometimes,burnout_cat=alto,0.054051623347423326,0.5253496503496503,1.529953578375527,3
career_clarity_score=bajo + degree_type=b.tech/b.e. + fear_of_job_loss_to_ai=alto,burnout_cat=alto,0.03930209551218635,0.5252403846153847,1.5296353683966637,3
ai_replaces_own_thinking_score=bajo + college_tier=tier_3 + motivation_score=bajo,burnout_cat=alto,0.04595737026711035,0.5251798561151079,1.5294590938040555,3
fear_of_job_loss_to_ai=alto + internship_experience=0 + resume_confidence_score=bajo,burnout_cat=alto,0.0405612015469017,0.5250291036088476,1.529020063652901,3
daily_study_hours=bajo + internship_experience=0 + interview_anxiety_score=alto,burnout_cat=alto,0.03120784243187337,0.5249621785173979,1.5288251605382261,3
ai_replaces_own_thinking_score=medio + daily_ai_tool_usage_hrs=medio + placement_anxiety_score=alto,burnout_cat=alto,0.04164043529094343,0.5249433106575964,1.5287702124677354,3
fear_of_job_loss_to_ai=alto + internship_experience=1 + social_media_hrs_per_day=alto,burnout_cat=alto,0.03129777857721018,0.5248868778280543,1.5286058655238701,3
ai_dependency_score=alto + degree_type=b.tech/b.e. + sleep_hours=medio,burnout_cat=alto,0.04280960518032197,0.5248070562293274,1.5283734044562314,3
career_clarity_score=bajo + interview_anxiety_score=alto + weekly_job_application_count=alto,burnout_cat=alto,0.07437719219354258,0.524746192893401,1.5281961547359155,3
placement_anxiety_score=alto + stream=cs/it + uses_ai_for_assignments=sometimes,burnout_cat=alto,0.04011152082021765,0.5247058823529412,1.528078760053,3
placement_anxiety_score=alto + uses_ai_for_assignments=sometimes + weekly_job_application_count=alto,burnout_cat=alto,0.06115657882903139,0.5246913580246914,1.528036461465831,3
ai_replaces_own_thinking_score=medio + internship_experience=0 + weekly_job_application_count=alto,burnout_cat=alto,0.030578289414515694,0.5246913580246914,1.528036461465831,3
career_clarity_score=bajo + interview_anxiety_score=alto,burnout_cat=alto,0.08507959348862308,0.5246810870770937,1.5280065498193307,2
seeks_career_counseling=si + stream=engineering_(non-cs),burnout_cat=alto,0.030848097850526127,0.5244648318042814,1.527376758730174,2
ai_replaces_own_thinking_score=bajo + daily_study_hours=medio + seeks_career_counseling=si,burnout_cat=alto,0.04146056300026981,0.5244596131968146,1.5273615608002569,3
ai_replaces_own_thinking_score=medio + career_clarity_score=bajo + degree_type=b.tech/b.e.,burnout_cat=alto,0.03021854483316845,0.5241809672386896,1.5265500719557332,3
ai_replaces_own_thinking_score=bajo + seeks_career_counseling=si + weekly_job_application_count=alto,burnout_cat=alto,0.06358485475312528,0.5240919199406968,1.5262907432741246,3
ai_dependency_score=medio + motivation_score=bajo,burnout_cat=alto,0.09542225020235633,0.5239506172839506,1.5258792335202322,2
college_tier=tier_3 + placement_anxiety_score=alto + uses_ai_for_assignments=sometimes,burnout_cat=alto,0.041370626854933,0.5239179954441914,1.5257842303153388,3
ai_dependency_score=alto + interview_anxiety_score=alto + seeks_career_counseling=no,burnout_cat=alto,0.03750337260545013,0.5238693467336684,1.525642552732231,3
ai_dependency_score=alto + stress_level=medio,burnout_cat=alto,0.0852594657792967,0.523756906077348,1.525315096562083,2
placement_anxiety_score=alto + resume_confidence_score=medio + stream=cs/it,burnout_cat=alto,0.0348052882453458,0.523680649526387,1.525093017832346,3
college_tier=tier_3 + daily_ai_tool_usage_hrs=alto + resume_confidence_score=bajo,burnout_cat=alto,0.05198309200467668,0.5235507246376812,1.52471464307134,3
internship_experience=1 + placement_anxiety_score=alto + weekly_job_application_count=alto,burnout_cat=alto,0.06799172587462901,0.5235457063711911,1.5247000285859806,3
college_tier=tier_2 + placement_anxiety_score=alto + weekly_job_application_count=alto,burnout_cat=alto,0.056300026980843604,0.5234113712374583,1.5243088100548188,3
fear_of_job_loss_to_ai=alto + uses_ai_for_assignments=frequently + weekly_job_application_count=alto,burnout_cat=alto,0.048295710045867433,0.5233918128654971,1.5242518510349559,3
daily_ai_tool_usage_hrs=medio + seeks_career_counseling=si + uses_ai_for_assignments=rarely,burnout_cat=alto,0.045327817249752676,0.5233644859813084,1.5241722681053347,3
ai_dependency_score=medio + motivation_score=bajo + stream=cs/it,burnout_cat=alto,0.0455076895404263,0.5232678386763185,1.523890806244627,3
career_clarity_score=medio + college_tier=tier_2 + placement_anxiety_score=alto,burnout_cat=alto,0.03138771472254699,0.5232383808095952,1.5238050173446538,3
ai_dependency_score=alto + degree_type=b.tech/b.e. + stress_level=medio,burnout_cat=alto,0.03750337260545013,0.5232120451693851,1.5237283211729684,3
ai_dependency_score=alto + ai_replaces_own_thinking_score=medio + career_clarity_score=medio,burnout_cat=alto,0.05477111251011782,0.5231958762886598,1.5236812332251461,3
college_tier=tier_2 + placement_anxiety_score=alto,burnout_cat=alto,0.06502383307851425,0.5231548480463097,1.523561748409355,2
career_clarity_score=bajo + fear_of_job_loss_to_ai=alto,burnout_cat=alto,0.08885691159276914,0.5230280571731074,1.5231925007092144,2
career_clarity_score=medio + daily_study_hours=bajo + motivation_score=bajo,burnout_cat=alto,0.03993164852954403,0.5229681978798587,1.5230181750199447,3
daily_study_hours=bajo + fear_of_job_loss_to_ai=alto + social_media_hrs_per_day=alto,burnout_cat=alto,0.04712654015648889,0.5229540918163672,1.5229770945275503,3
daily_study_hours=bajo + placement_anxiety_score=alto + weekly_job_application_count=alto,burnout_cat=alto,0.07995323320442486,0.5229411764705884,1.5229394817120145,3
ai_dependency_score=alto + daily_ai_tool_usage_hrs=medio,burnout_cat=alto,0.034895224390682614,0.522911051212938,1.5228517491976579,2
daily_ai_tool_usage_hrs=medio + motivation_score=bajo + resume_confidence_score=bajo,burnout_cat=alto,0.06727223671193452,0.522711390635919,1.522270286139545,3
college_tier=tier_2 + fear_of_job_loss_to_ai=alto + social_media_hrs_per_day=alto,burnout_cat=alto,0.03120784243187337,0.5225903614457831,1.5219178179454327,3
placement_anxiety_score=alto + sleep_hours=medio + stream=cs/it,burnout_cat=alto,0.08049285007644573,0.5224751897256277,1.521582408213529,3
ai_dependency_score=alto + fear_of_job_loss_to_ai=alto + resume_confidence_score=medio,burnout_cat=alto,0.046227178703120785,0.5223577235772358,1.5212403165152657,3
fear_of_job_loss_to_ai=alto + internship_experience=0,burnout_cat=alto,0.04209011601762749,0.5223214285714286,1.5211346161041683,2
interview_anxiety_score=alto + resume_confidence_score=bajo + social_media_hrs_per_day=alto,burnout_cat=alto,0.05809874988757982,0.5222312045270816,1.5208718604338973,3
college_tier=tier_2 + daily_study_hours=medio + placement_anxiety_score=alto,burnout_cat=alto,0.037233564169439695,0.5220680958385876,1.520396845895562,3
ai_replaces_own_thinking_score=medio + daily_ai_tool_usage_hrs=alto + resume_confidence_score=bajo,burnout_cat=alto,0.07257846928680636,0.5219922380336351,1.5201759284169694,3
college_tier=tier_3 + interview_anxiety_score=alto + social_media_hrs_per_day=alto,burnout_cat=alto,0.039751776238870405,0.5218417945690674,1.5197377982748719,3
internship_experience=1 + placement_anxiety_score=alto + resume_confidence_score=bajo,burnout_cat=alto,0.06565338609587193,0.5218012866333095,1.519619828725974,3
fear_of_job_loss_to_ai=alto + resume_confidence_score=bajo + stream=cs/it,burnout_cat=alto,0.08939652846479,0.521511017838405,1.5187744911852346,3
ai_dependency_score=alto + social_media_hrs_per_day=medio + stream=cs/it,burnout_cat=alto,0.04146056300026981,0.5214932126696833,1.518722637945052,3
uses_ai_for_assignments=always,burnout_cat=alto,0.031837395449231046,0.5213549337260678,1.5183199340230873,1
daily_ai_tool_usage_hrs=alto + uses_ai_for_assignments=always,burnout_cat=alto,0.031837395449231046,0.5213549337260678,1.5183199340230873,2
ai_dependency_score=alto + career_clarity_score=medio + sleep_hours=medio,burnout_cat=alto,0.047216476301825704,0.5213505461767627,1.518307156348723,3
daily_study_hours=bajo + placement_anxiety_score=alto + resume_confidence_score=bajo,burnout_cat=alto,0.07581617051893155,0.5210135970333746,1.5173258736024335,3
motivation_score=bajo + social_media_hrs_per_day=medio + stress_level=medio,burnout_cat=alto,0.0571094522888749,0.5209187858900738,1.517049759117792,3
ai_dependency_score=alto + sleep_hours=medio + uses_ai_for_assignments=frequently,burnout_cat=alto,0.0348052882453458,0.5208613728129206,1.5168825574402471,3
college_tier=tier_2 + motivation_score=bajo + social_media_hrs_per_day=medio,burnout_cat=alto,0.03264682075726234,0.5208034433285509,1.516713851851796,3
ai_dependency_score=alto + daily_ai_tool_usage_hrs=alto + stress_level=medio,burnout_cat=alto,0.061966004137062686,0.5207860922146637,1.5166633209363134,3
ai_dependency_score=medio + ai_replaces_own_thinking_score=medio + motivation_score=bajo,burnout_cat=alto,0.0488353269178883,0.5206136145733461,1.516161021592728,3
ai_replaces_own_thinking_score=bajo + motivation_score=bajo + weekly_job_application_count=alto,burnout_cat=alto,0.07077974638007015,0.5205026455026455,1.515837851059171,3
ai_dependency_score=alto + degree_type=b.tech/b.e.,burnout_cat=alto,0.061786131846389064,0.5204545454545454,1.5156977713224438,2
fear_of_job_loss_to_ai=alto + interview_anxiety_score=alto + weekly_job_application_count=alto,burnout_cat=alto,0.158827232664808,0.5201767304860089,1.5148887025337696,3
ai_replaces_own_thinking_score=bajo + seeks_career_counseling=si + sleep_hours=medio,burnout_cat=alto,0.05234283658602392,0.5201072386058981,1.514686324268984,3
daily_ai_tool_usage_hrs=medio + degree_type=b.tech/b.e. + motivation_score=bajo,burnout_cat=alto,0.04343915819767965,0.5199138858988159,1.5141232313538329,3
ai_dependency_score=alto + ai_replaces_own_thinking_score=medio + social_media_hrs_per_day=medio,burnout_cat=alto,0.04937494378990916,0.5198863636363636,1.5140430794323538,3
ai_dependency_score=medio + degree_type=b.sc/b.a/b.com + motivation_score=bajo,burnout_cat=alto,0.030578289414515694,0.5198776758409785,1.5140177783331168,3
ai_dependency_score=alto + daily_study_hours=medio + weekly_job_application_count=alto,burnout_cat=alto,0.05315226189405522,0.5197889182058048,1.513759293224291,3
ai_dependency_score=alto + daily_ai_tool_usage_hrs=alto + internship_experience=2,burnout_cat=alto,0.03201726773990467,0.5197080291970803,1.5135237235836394,3
fear_of_job_loss_to_ai=alto + internship_experience=2 + placement_anxiety_score=alto,burnout_cat=alto,0.05432143178343376,0.5193465176268272,1.5124709087199295,3
college_tier=tier_3 + fear_of_job_loss_to_ai=alto + internship_experience=0,burnout_cat=alto,0.03021854483316845,0.5193199381761978,1.5123935025094666,3
daily_study_hours=medio + fear_of_job_loss_to_ai=alto + placement_anxiety_score=alto,burnout_cat=alto,0.09263422969691519,0.5191532258064516,1.5119079931225603,3
ai_dependency_score=medio + daily_ai_tool_usage_hrs=medio + motivation_score=bajo,burnout_cat=alto,0.05558053781814912,0.5188916876574308,1.5111463266272847,3
internship_experience=0 + interview_anxiety_score=alto + weekly_job_application_count=alto,burnout_cat=alto,0.036154330425397965,0.5187096774193548,1.5106162659051352,3
ai_replaces_own_thinking_score=bajo + internship_experience=1 + motivation_score=bajo,burnout_cat=alto,0.03003867254249483,0.5186335403726708,1.5103945352026524,3
interview_anxiety_score=alto + social_media_hrs_per_day=alto,burnout_cat=alto,0.07239859699613274,0.5183515775917579,1.5095733869153367,2
college_tier=tier_3 + interview_anxiety_score=alto + placement_anxiety_score=alto,burnout_cat=alto,0.10801331054950984,0.5183426845058265,1.5095474879571202,3
daily_ai_tool_usage_hrs=medio + motivation_score=bajo,burnout_cat=alto,0.09416314416764097,0.5183168316831683,1.5094721978745804,2
ai_replaces_own_thinking_score=bajo + degree_type=b.tech/b.e. + seeks_career_counseling=si,burnout_cat=alto,0.03318643762928321,0.5182584269662921,1.5093021082865903,3
daily_ai_tool_usage_hrs=alto + fear_of_job_loss_to_ai=alto + weekly_job_application_count=alto,burnout_cat=alto,0.10135803579458584,0.5181609195402299,1.509018141531644,3
ai_replaces_own_thinking_score=bajo + seeks_career_counseling=si,burnout_cat=alto,0.07500674521090026,0.5180124223602485,1.5085856794718708,2
ai_dependency_score=alto + daily_ai_tool_usage_hrs=alto + social_media_hrs_per_day=medio,burnout_cat=alto,0.045327817249752676,0.5179856115107914,1.5085075993683836,3
ai_replaces_own_thinking_score=medio + interview_anxiety_score=medio + motivation_score=bajo,burnout_cat=alto,0.033905926791977695,0.5178571428571429,1.5081334655391754,3
ai_dependency_score=alto + ai_replaces_own_thinking_score=medio + internship_experience=2,burnout_cat=alto,0.0330965014839464,0.5175808720112518,1.5073288936336062,3
ai_dependency_score=alto + career_clarity_score=medio,burnout_cat=alto,0.06907095961867074,0.5175202156334232,1.5071522466286098,2
ai_dependency_score=alto + career_clarity_score=medio + degree_type=b.tech/b.e.,burnout_cat=alto,0.030578289414515694,0.517503805175038,1.5071044551443813,3
daily_study_hours=bajo + fear_of_job_loss_to_ai=alto + uses_ai_for_assignments=sometimes,burnout_cat=alto,0.03750337260545013,0.5173697270471463,1.5067139850804663,3
resume_confidence_score=bajo + sleep_hours=bajo + weekly_job_application_count=alto,burnout_cat=alto,0.033905926791977695,0.5171467764060357,1.5060646953532506,3
ai_replaces_own_thinking_score=medio + daily_study_hours=bajo + stress_level=medio,burnout_cat=alto,0.06259555715442036,0.5170876671619613,1.505892554000484,3
career_clarity_score=medio + fear_of_job_loss_to_ai=alto + placement_anxiety_score=alto,burnout_cat=alto,0.08984620919147406,0.5170807453416149,1.505872395875698,3
ai_dependency_score=alto + daily_study_hours=medio + resume_confidence_score=bajo,burnout_cat=alto,0.034085799082651316,0.5170532060027285,1.5057921942232422,3
ai_dependency_score=alto + degree_type=b.tech/b.e. + stream=cs/it,burnout_cat=alto,0.04119075456425938,0.5169300225733634,1.5054334523292896,3
ai_replaces_own_thinking_score=medio + college_tier=tier_3 + social_media_hrs_per_day=alto,burnout_cat=alto,0.03570464969871391,0.5169270833333334,1.505424892504802,3
motivation_score=bajo + stream=commerce/management,burnout_cat=alto,0.031927331594567857,0.5167394468704513,1.5048784467659893,2
degree_type=b.tech/b.e. + fear_of_job_loss_to_ai=alto + interview_anxiety_score=alto,burnout_cat=alto,0.08067272236711935,0.516705069124424,1.5047783299095,3
internship_experience=0 + interview_anxiety_score=alto + resume_confidence_score=bajo,burnout_cat=alto,0.041820307581617054,0.5166666666666666,1.504666492055177,3
fear_of_job_loss_to_ai=alto + resume_confidence_score=bajo + uses_ai_for_assignments=sometimes,burnout_cat=alto,0.05612015469016998,0.5165562913907286,1.5043450508050054,3
fear_of_job_loss_to_ai=alto + interview_anxiety_score=alto,burnout_cat=alto,0.1830200557604101,0.516497461928934,1.5041737242503448,2
ai_replaces_own_thinking_score=medio + college_tier=tier_3 + daily_ai_tool_usage_hrs=alto,burnout_cat=alto,0.05935785592229517,0.5164319248826291,1.5039828634808676,3
daily_ai_tool_usage_hrs=alto + internship_experience=1 + weekly_job_application_count=alto,burnout_cat=alto,0.04253979674431154,0.5163755458515283,1.5038186732119285,3
ai_dependency_score=medio + motivation_score=bajo + stress_level=medio,burnout_cat=alto,0.05692957999820128,0.5163132137030995,1.5036371459310536,3
resume_confidence_score=bajo + uses_ai_for_assignments=frequently + weekly_job_application_count=alto,burnout_cat=alto,0.0356147135533771,0.516297262059974,1.50359069063511,3
ai_replaces_own_thinking_score=medio + college_tier=tier_2 + fear_of_job_loss_to_ai=alto,burnout_cat=alto,0.05459124021944419,0.516156462585034,1.5031806462763209,3
college_tier=tier_3 + internship_experience=0 + interview_anxiety_score=alto,burnout_cat=alto,0.0330965014839464,0.5161290322580645,1.503100762094662,3
college_tier=tier_3 + degree_type=b.sc/b.a/b.com + placement_anxiety_score=alto,burnout_cat=alto,0.03750337260545013,0.5160891089108911,1.5029844950183862,3
college_tier=tier_3 + daily_ai_tool_usage_hrs=alto + daily_study_hours=bajo,burnout_cat=alto,0.044158647360374136,0.5157563025210083,1.502015277038002,3
daily_study_hours=bajo + placement_anxiety_score=alto,burnout_cat=alto,0.09083550679017897,0.5155691679428279,1.5014702929167898,2
degree_type=b.sc/b.a/b.com + fear_of_job_loss_to_ai=alto + interview_anxiety_score=alto,burnout_cat=alto,0.055310729382138685,0.5155071248952222,1.5012896075720208,3
fear_of_job_loss_to_ai=alto + internship_experience=1 + stream=cs/it,burnout_cat=alto,0.04991456066193003,0.5153203342618384,1.5007456251067002,3
interview_anxiety_score=alto + stream=cs/it + weekly_job_application_count=alto,burnout_cat=alto,0.10396618400935335,0.5151515151515151,1.5002539803482704,3
daily_ai_tool_usage_hrs=alto + social_media_hrs_per_day=alto + weekly_job_application_count=alto,burnout_cat=alto,0.038312797913481425,0.5151148730350665,1.5001472690615256,3
college_tier=tier_3 + placement_anxiety_score=alto + resume_confidence_score=bajo,burnout_cat=alto,0.08741793326738016,0.5151033386327504,1.500113677909259,3
ai_dependency_score=alto + ai_replaces_own_thinking_score=medio + uses_ai_for_assignments=sometimes,burnout_cat=alto,0.03246694846658872,0.514978601997147,1.4997504126784382,3
internship_experience=1 + placement_anxiety_score=alto,burnout_cat=alto,0.07869412716970951,0.5147058823529412,1.4989561827874158,2
college_tier=tier_3 + daily_study_hours=bajo + placement_anxiety_score=alto,burnout_cat=alto,0.06511376922385106,0.5145700071073205,1.4985604790535088,3
career_clarity_score=bajo + placement_anxiety_score=alto + sleep_hours=medio,burnout_cat=alto,0.06052702581167371,0.514525993883792,1.4984323012032172,3
internship_experience=0 + interview_anxiety_score=alto,burnout_cat=alto,0.043079413616332406,0.514500537056928,1.4983581643624888,2
ai_replaces_own_thinking_score=medio + fear_of_job_loss_to_ai=alto + weekly_job_application_count=alto,burnout_cat=alto,0.12528105045417753,0.5140221402214022,1.4969649494818678,3
interview_anxiety_score=alto + uses_ai_for_assignments=sometimes + weekly_job_application_count=alto,burnout_cat=alto,0.06313517402644123,0.513909224011713,1.4966361083777466,3
fear_of_job_loss_to_ai=alto + internship_experience=1 + uses_ai_for_assignments=sometimes,burnout_cat=alto,0.030758161705189316,0.5135135135135135,1.4954836974218848,3
daily_study_hours=bajo + fear_of_job_loss_to_ai=alto + stream=cs/it,burnout_cat=alto,0.06007734508498966,0.5134511913912375,1.495302199339751,3
ai_dependency_score=alto + sleep_hours=medio + social_media_hrs_per_day=medio,burnout_cat=alto,0.042989477470995595,0.5134264232008593,1.4952300679859492,3
college_tier=tier_2 + interview_anxiety_score=alto + stream=cs/it,burnout_cat=alto,0.03471535210000899,0.5132978723404256,1.4948556947493954,3
career_clarity_score=bajo + interview_anxiety_score=alto + sleep_hours=medio,burnout_cat=alto,0.0579188775969062,0.5131474103585657,1.4944175106801707,3
ai_dependency_score=alto + uses_ai_for_assignments=sometimes,burnout_cat=alto,0.0438888389243637,0.5131440588853838,1.4944077503265014,2
daily_study_hours=bajo + fear_of_job_loss_to_ai=alto + resume_confidence_score=bajo,burnout_cat=alto,0.08453997661660222,0.5131004366812227,1.4942807112253838,3
ai_dependency_score=medio + motivation_score=bajo + sleep_hours=medio,burnout_cat=alto,0.06583325838654555,0.5129642606867554,1.4938841316333245,3
college_tier=tier_3 + fear_of_job_loss_to_ai=alto + resume_confidence_score=bajo,burnout_cat=alto,0.0868783163953593,0.5127388535031847,1.493227687821349,3
ai_replaces_own_thinking_score=medio + fear_of_job_loss_to_ai=alto + stream=cs/it,burnout_cat=alto,0.09623167551038762,0.5126976521322473,1.4931076988104917,3
college_tier=tier_2 + daily_study_hours=bajo + motivation_score=bajo,burnout_cat=alto,0.032736756902599154,0.5126760563380282,1.493044806291916,3
degree_type=b.tech/b.e. + internship_experience=1 + interview_anxiety_score=alto,burnout_cat=alto,0.032826693047935965,0.5126404494382022,1.492941109822779,3
ai_dependency_score=alto + social_media_hrs_per_day=medio,burnout_cat=alto,0.06142638726504182,0.5123780945236309,1.4921770646957182,2
daily_ai_tool_usage_hrs=alto + fear_of_job_loss_to_ai=alto + stream=cs/it,burnout_cat=alto,0.0918248043888839,0.5122930255895635,1.4919293220351901,3
daily_ai_tool_usage_hrs=alto + resume_confidence_score=bajo + weekly_job_application_count=alto,burnout_cat=alto,0.07608597895494199,0.5121065375302664,1.4913862207435913,3
ai_replaces_own_thinking_score=medio + career_clarity_score=bajo + sleep_hours=medio,burnout_cat=alto,0.046317114848457595,0.5119284294234593,1.4908675240333797,3
daily_study_hours=bajo + interview_anxiety_score=alto + weekly_job_application_count=alto,burnout_cat=alto,0.08678838025002249,0.5116648992576882,1.4901000562719315,3
career_clarity_score=bajo + placement_anxiety_score=alto + social_media_hrs_per_day=medio,burnout_cat=alto,0.03768324489612375,0.5115995115995116,1.489909630559185,3
career_clarity_score=bajo + interview_anxiety_score=alto + social_media_hrs_per_day=medio,burnout_cat=alto,0.03633420271607159,0.5113924050632911,1.4893064829488563,3
daily_study_hours=medio + fear_of_job_loss_to_ai=alto + interview_anxiety_score=alto,burnout_cat=alto,0.08894684773810595,0.5113753877973113,1.4892569242845217,3
ai_dependency_score=alto + stream=cs/it + stress_level=medio,burnout_cat=alto,0.055310729382138685,0.5112219451371571,1.488810059711904,3
ai_replaces_own_thinking_score=bajo + seeks_career_counseling=si + social_media_hrs_per_day=medio,burnout_cat=alto,0.035075096681356235,0.5111402359108781,1.4885721013863418,3
college_tier=tier_3 + internship_experience=1 + placement_anxiety_score=alto,burnout_cat=alto,0.05018436909794046,0.510989010989011,1.488131695439186,3
ai_replaces_own_thinking_score=bajo + motivation_score=bajo + resume_confidence_score=bajo,burnout_cat=alto,0.05665977156219085,0.5109489051094891,1.4880148967816682,3
college_tier=tier_2 + daily_ai_tool_usage_hrs=alto + fear_of_job_loss_to_ai=alto,burnout_cat=alto,0.044158647360374136,0.5109261186264308,1.4879485366703205,3
daily_ai_tool_usage_hrs=alto + fear_of_job_loss_to_ai=alto + uses_ai_for_assignments=frequently,burnout_cat=alto,0.05701951614353809,0.5108783239323127,1.4878093462030866,3
fear_of_job_loss_to_ai=alto + uses_ai_for_assignments=frequently,burnout_cat=alto,0.05701951614353809,0.5108783239323127,1.4878093462030866,2
career_clarity_score=medio + motivation_score=bajo + resume_confidence_score=medio,burnout_cat=alto,0.033995862937314505,0.5108108108108108,1.4876127305933486,3
daily_study_hours=bajo + interview_anxiety_score=alto + resume_confidence_score=bajo,burnout_cat=alto,0.08310099829121324,0.5107794361525705,1.48752135950247,3
daily_study_hours=bajo + motivation_score=bajo + social_media_hrs_per_day=medio,burnout_cat=alto,0.0455076895404263,0.5105953582240161,1.486985277132749,3
interview_anxiety_score=medio + motivation_score=bajo + stress_level=medio,burnout_cat=alto,0.04164043529094343,0.5104740904079382,1.4866321139983931,3
degree_type=b.tech/b.e. + interview_anxiety_score=alto + social_media_hrs_per_day=alto,burnout_cat=alto,0.030848097850526127,0.5104166666666666,1.486464881264187,3
fear_of_job_loss_to_ai=alto + placement_anxiety_score=alto + sleep_hours=medio,burnout_cat=alto,0.12393200827412537,0.5103703703703704,1.4863300545175873,3
interview_anxiety_score=medio + seeks_career_counseling=si + weekly_job_application_count=alto,burnout_cat=alto,0.03102797014119975,0.5103550295857988,1.4862853781991872,3
college_tier=tier_3 + interview_anxiety_score=alto + resume_confidence_score=bajo,burnout_cat=alto,0.09092544293551579,0.5103483089348814,1.4862658059316254,3
career_clarity_score=bajo + uses_ai_for_assignments=sometimes + weekly_job_application_count=alto,burnout_cat=alto,0.03156758701322061,0.5101744186046512,1.4857593924738388,3
ai_dependency_score=alto + resume_confidence_score=medio + weekly_job_application_count=alto,burnout_cat=alto,0.04379890277902689,0.5099476439790576,1.4850989663182663,3
interview_anxiety_score=alto + stream=cs/it + uses_ai_for_assignments=sometimes,burnout_cat=alto,0.04164043529094343,0.5099118942731278,1.48499485396095,3
seeks_career_counseling=si + sleep_hours=medio + uses_ai_for_assignments=rarely,burnout_cat=alto,0.034895224390682614,0.5098554533508541,1.4848304834489645,3
placement_anxiety_score=alto + uses_ai_for_assignments=sometimes,burnout_cat=alto,0.06925083190934436,0.5095962938451357,1.484075744176025,2
career_clarity_score=bajo + fear_of_job_loss_to_ai=alto + social_media_hrs_per_day=medio,burnout_cat=alto,0.038402734058818236,0.5095465393794749,1.4839308463489735,3
ai_dependency_score=alto + ai_replaces_own_thinking_score=medio + daily_study_hours=medio,burnout_cat=alto,0.05153341127799262,0.5093333333333333,1.4833099353937487,3
career_clarity_score=medio + fear_of_job_loss_to_ai=alto + uses_ai_for_assignments=frequently,burnout_cat=alto,0.03030848097850526,0.5090634441087614,1.4825239484141743,3
interview_anxiety_score=alto + stream=cs/it,burnout_cat=alto,0.12240309380339959,0.5089753178758414,1.4822673021114405,2
interview_anxiety_score=medio + seeks_career_counseling=si,burnout_cat=alto,0.03876247864016548,0.5088547815820543,1.4819162693585286,2
daily_study_hours=bajo + degree_type=b.tech/b.e. + interview_anxiety_score=alto,burnout_cat=alto,0.044158647360374136,0.5088082901554404,1.4817808743421532,3
career_clarity_score=bajo + fear_of_job_loss_to_ai=alto + sleep_hours=medio,burnout_cat=alto,0.06007734508498966,0.5087585681645087,1.4816360710898826,3
fear_of_job_loss_to_ai=alto + placement_anxiety_score=alto + social_media_hrs_per_day=medio,burnout_cat=alto,0.08220163683784514,0.5086254869226489,1.4812485042150163,3
interview_anxiety_score=alto + placement_anxiety_score=alto + weekly_job_application_count=alto,burnout_cat=alto,0.15981653026351292,0.5085861476817402,1.481133938206723,3
degree_type=b.tech/b.e. + interview_anxiety_score=alto + uses_ai_for_assignments=sometimes,burnout_cat=alto,0.03237701232125191,0.5084745762711864,1.4808090135042749,3
daily_ai_tool_usage_hrs=alto + resume_confidence_score=bajo + stream=cs/it,burnout_cat=alto,0.06988038492670204,0.5081752779594506,1.4799373796833764,3
college_tier=tier_3 + motivation_score=bajo + uses_ai_for_assignments=rarely,burnout_cat=alto,0.03354618221063045,0.5081743869209809,1.4799347847497084,3
internship_experience=0 + placement_anxiety_score=alto + weekly_job_application_count=alto,burnout_cat=alto,0.03372605450130407,0.508130081300813,1.4798057553650446,3
placement_anxiety_score=alto + sleep_hours=medio + social_media_hrs_per_day=alto,burnout_cat=alto,0.04271966903498516,0.5080213903743316,1.479489219374592,3
ai_replaces_own_thinking_score=medio + daily_ai_tool_usage_hrs=medio + interview_anxiety_score=alto,burnout_cat=alto,0.042899541325658784,0.5079872204472844,1.479389707740533,3
college_tier=tier_2 + interview_anxiety_score=alto + resume_confidence_score=bajo,burnout_cat=alto,0.04325928590700603,0.5079197465681098,1.4791932064145659,3
ai_dependency_score=medio + seeks_career_counseling=si + stress_level=medio,burnout_cat=alto,0.04164043529094343,0.5076754385964912,1.47848171863656,3
fear_of_job_loss_to_ai=alto + internship_experience=2 + interview_anxiety_score=alto,burnout_cat=alto,0.05369187876607608,0.5076530612244898,1.4784165499620487,3
college_tier=tier_3 + fear_of_job_loss_to_ai=alto + social_media_hrs_per_day=alto,burnout_cat=alto,0.03885241478550229,0.5076380728554641,1.4783728999685453,3
ai_replaces_own_thinking_score=medio + resume_confidence_score=bajo + social_media_hrs_per_day=alto,burnout_cat=alto,0.053961687202086515,0.5076142131979695,1.4783034144966534,3
daily_study_hours=bajo + internship_experience=1 + interview_anxiety_score=alto,burnout_cat=alto,0.04209011601762749,0.5075921908893709,1.4782392798582804,3
career_clarity_score=bajo + daily_study_hours=medio + placement_anxiety_score=alto,burnout_cat=alto,0.03462541595467218,0.5072463768115942,1.4772321801383228,3
daily_ai_tool_usage_hrs=medio + motivation_score=bajo + sleep_hours=medio,burnout_cat=alto,0.06502383307851425,0.5070126227208976,1.476551427981577,3
daily_ai_tool_usage_hrs=alto + internship_experience=1 + stream=cs/it,burnout_cat=alto,0.039571903948196784,0.5069124423963135,1.4762596770572576,3
ai_replaces_own_thinking_score=medio + social_media_hrs_per_day=alto + stress_level=medio,burnout_cat=alto,0.042989477470995595,0.5068928950159067,1.476202750047634,3
internship_experience=1 + interview_anxiety_score=alto + resume_confidence_score=bajo,burnout_cat=alto,0.06700242827592409,0.5068027210884354,1.4759401403306214,3
fear_of_job_loss_to_ai=alto + motivation_score=medio + seeks_career_counseling=si,burnout_cat=alto,0.04029139311089127,0.5067873303167421,1.47589531843684,3
ai_dependency_score=medio + career_clarity_score=bajo + interview_anxiety_score=alto,burnout_cat=alto,0.041370626854933,0.5066079295154186,1.4753728570670348,3
ai_dependency_score=medio + motivation_score=bajo + uses_ai_for_assignments=rarely,burnout_cat=alto,0.0381329256228078,0.5065710872162486,1.4752655627966127,3
placement_anxiety_score=alto + sleep_hours=medio + uses_ai_for_assignments=sometimes,burnout_cat=alto,0.04874539077255149,0.5065420560747663,1.4751810166305204,3
internship_experience=0 + placement_anxiety_score=alto + resume_confidence_score=bajo,burnout_cat=alto,0.03849267020415505,0.506508875739645,1.4750843869431933,3
ai_dependency_score=alto + internship_experience=2,burnout_cat=alto,0.04244986059897473,0.5064377682403434,1.474877303578936,2
college_tier=tier_3 + daily_study_hours=bajo + interview_anxiety_score=alto,burnout_cat=alto,0.07149923554276463,0.5063694267515924,1.4746782755502763,3
resume_confidence_score=bajo + stream=cs/it + uses_ai_for_assignments=frequently,burnout_cat=alto,0.03237701232125191,0.5063291139240507,1.4745608742067886,3
internship_experience=0 + placement_anxiety_score=alto,burnout_cat=alto,0.039751776238870405,0.5063001145475372,1.474476420548472,2
fear_of_job_loss_to_ai=alto + internship_experience=1 + resume_confidence_score=bajo,burnout_cat=alto,0.07006025721737566,0.5061728395061729,1.4741057628258607,3
daily_ai_tool_usage_hrs=alto + daily_study_hours=bajo + weekly_job_application_count=alto,burnout_cat=alto,0.052702581167371164,0.5060449050086355,1.4737331845969142,3
ai_replaces_own_thinking_score=bajo + degree_type=b.tech/b.e. + motivation_score=bajo,burnout_cat=alto,0.03777318104146056,0.5060240963855421,1.4736725845235314,3
ai_replaces_own_thinking_score=medio + daily_study_hours=bajo + social_media_hrs_per_day=alto,burnout_cat=alto,0.04604730641244716,0.5059288537549407,1.4733952134366646,3
fear_of_job_loss_to_ai=alto + stream=cs/it + uses_ai_for_assignments=frequently,burnout_cat=alto,0.04325928590700603,0.5057833859095688,1.4729715735800146,3
daily_ai_tool_usage_hrs=alto + daily_study_hours=bajo + stream=cs/it,burnout_cat=alto,0.04685673172047846,0.5053346265761397,1.4716646707438703,3
degree_type=b.sc/b.a/b.com + interview_anxiety_score=alto + stream=cs/it,burnout_cat=alto,0.038402734058818236,0.5053254437869823,1.4716379280951954,3
degree_type=b.tech/b.e. + placement_anxiety_score=alto + uses_ai_for_assignments=sometimes,burnout_cat=alto,0.030578289414515694,0.5052005943536404,1.471274334368289,3
daily_study_hours=medio + seeks_career_counseling=si + stress_level=medio,burnout_cat=alto,0.03948196780285997,0.5051783659378596,1.4712095994926822,3
daily_ai_tool_usage_hrs=alto + social_media_hrs_per_day=alto + stream=cs/it,burnout_cat=alto,0.035165032826693046,0.5051679586563308,1.4711792908066375,3
placement_anxiety_score=alto + social_media_hrs_per_day=medio + stream=cs/it,burnout_cat=alto,0.05099379440597176,0.5048975957257347,1.470391924273034,3
daily_ai_tool_usage_hrs=alto + fear_of_job_loss_to_ai=alto,burnout_cat=alto,0.12231315765806278,0.5048255382331106,1.470182074283383,2
career_clarity_score=bajo + daily_study_hours=medio + interview_anxiety_score=alto,burnout_cat=alto,0.03327637377462002,0.504774897680764,1.4700345959435346,3
college_tier=tier_2 + fear_of_job_loss_to_ai=alto + resume_confidence_score=bajo,burnout_cat=alto,0.05234283658602392,0.5047701647875108,1.470020812538589,3
degree_type=b.tech/b.e. + fear_of_job_loss_to_ai=alto + internship_experience=1,burnout_cat=alto,0.03462541595467218,0.5045871559633027,1.4694878436762606,3
interview_anxiety_score=alto + motivation_score=medio + seeks_career_counseling=si,burnout_cat=alto,0.03525496897202986,0.5045045045045045,1.469247141326764,3
resume_confidence_score=bajo + sleep_hours=bajo,burnout_cat=alto,0.0405612015469017,0.5044742729306487,1.4691590991922165,2
internship_experience=1 + placement_anxiety_score=alto + sleep_hours=medio,burnout_cat=alto,0.056389963126180415,0.504424778761062,1.469014959414418,3
interview_anxiety_score=alto + uses_ai_for_assignments=sometimes,burnout_cat=alto,0.07320802230416404,0.5043370508054523,1.4687594729978586,2
ai_replaces_own_thinking_score=medio + motivation_score=bajo + placement_anxiety_score=medio,burnout_cat=alto,0.03201726773990467,0.5042492917847026,1.468503896111605,3
daily_ai_tool_usage_hrs=alto + resume_confidence_score=bajo + uses_ai_for_assignments=frequently,burnout_cat=alto,0.04271966903498516,0.5042462845010616,1.4684951381265854,3
resume_confidence_score=bajo + uses_ai_for_assignments=frequently,burnout_cat=alto,0.04271966903498516,0.5042462845010616,1.4684951381265854,2
career_clarity_score=bajo + resume_confidence_score=bajo + stream=cs/it,burnout_cat=alto,0.042989477470995595,0.5042194092827004,1.4684168705642602,3
fear_of_job_loss_to_ai=alto + internship_experience=1 + weekly_job_application_count=alto,burnout_cat=alto,0.07410738375753215,0.5039755351681957,1.4677066462899864,3
daily_study_hours=bajo + placement_anxiety_score=alto + sleep_hours=medio,burnout_cat=alto,0.06421440777048296,0.5038814396612562,1.4674326159228674,3
fear_of_job_loss_to_ai=alto + resume_confidence_score=bajo + weekly_job_application_count=alto,burnout_cat=alto,0.13472434571454267,0.5038681466532122,1.467393903257482,3
ai_replaces_own_thinking_score=medio + internship_experience=0 + resume_confidence_score=bajo,burnout_cat=alto,0.03552477740804029,0.5038265306122449,1.4672727066206261,3
internship_experience=2 + interview_anxiety_score=alto + stream=cs/it,burnout_cat=alto,0.03588452198938753,0.5037878787878788,1.4671601425464704,3
ai_replaces_own_thinking_score=medio + degree_type=b.tech/b.e. + fear_of_job_loss_to_ai=alto,burnout_cat=alto,0.06637287525856642,0.5037542662116041,1.467062254061505,3
internship_experience=1 + interview_anxiety_score=alto + weekly_job_application_count=alto,burnout_cat=alto,0.06889108732799712,0.5036160420775805,1.4666597097591978,3
interview_anxiety_score=alto + placement_anxiety_score=alto + resume_confidence_score=bajo,burnout_cat=alto,0.13481428185987948,0.5035270406449446,1.466400514649329,3
degree_type=b.tech/b.e. + interview_anxiety_score=alto + placement_anxiety_score=alto,burnout_cat=alto,0.08148214767515065,0.5033333333333333,1.4658363890343984,3
daily_ai_tool_usage_hrs=alto + social_media_hrs_per_day=alto,burnout_cat=alto,0.04784602931918338,0.5033112582781457,1.465772100784364,2
motivation_score=bajo + placement_anxiety_score=medio + stress_level=medio,burnout_cat=alto,0.04011152082021765,0.5028184892897407,1.4643370304904733,3
college_tier=tier_2 + daily_ai_tool_usage_hrs=medio + motivation_score=bajo,burnout_cat=alto,0.03219714003057829,0.5028089887640449,1.4643093625111092,3
ai_replaces_own_thinking_score=medio + social_media_hrs_per_day=alto + stream=cs/it,burnout_cat=alto,0.04334922205234284,0.502606882168926,1.4637207760178859,3
ai_replaces_own_thinking_score=medio + fear_of_job_loss_to_ai=alto,burnout_cat=alto,0.1499235542764637,0.502411091018686,1.4631505817278074,2
ai_replaces_own_thinking_score=medio + social_media_hrs_per_day=alto + weekly_job_application_count=alto,burnout_cat=alto,0.057649069160895766,0.5023510971786834,1.4629758642037143,3
sleep_hours=bajo + stream=cs/it,burnout_cat=alto,0.03903228707617591,0.5023148148148148,1.4628702006091998,2
degree_type=b.tech/b.e. + interview_anxiety_score=alto + stream=cs/it,burnout_cat=alto,0.052882453458044786,0.502134927412468,1.462346322131805,3
ai_dependency_score=medio + interview_anxiety_score=alto + social_media_hrs_per_day=alto,burnout_cat=alto,0.0330965014839464,0.5020463847203274,1.4620884629924882,3
ai_dependency_score=alto + daily_study_hours=medio + sleep_hours=medio,burnout_cat=alto,0.04577749797643673,0.5019723865877712,1.4618729613592005,3
fear_of_job_loss_to_ai=alto + social_media_hrs_per_day=alto + weekly_job_application_count=alto,burnout_cat=alto,0.0662829391132296,0.5017018379850239,1.46108505410044,3
fear_of_job_loss_to_ai=alto + interview_anxiety_score=alto + sleep_hours=medio,burnout_cat=alto,0.1250112420181671,0.501623962468423,1.4608582605255094,3
daily_study_hours=bajo + fear_of_job_loss_to_ai=alto + internship_experience=1,burnout_cat=alto,0.04559762568576311,0.5014836795252225,1.4604497204402695,3
ai_dependency_score=alto + social_media_hrs_per_day=bajo,burnout_cat=alto,0.03318643762928321,0.501358695652174,1.4600857351902885,2
daily_study_hours=medio + placement_anxiety_score=alto + uses_ai_for_assignments=sometimes,burnout_cat=alto,0.0348052882453458,0.5012953367875648,1.4599012178472845,3
daily_study_hours=bajo + interview_anxiety_score=alto,burnout_cat=alto,0.09910963216116557,0.5011368804001819,1.4594397520088063,2
interview_anxiety_score=alto + placement_anxiety_score=alto,burnout_cat=alto,0.18481877866714633,0.5010972933430871,1.45932446429591,2
ai_dependency_score=medio + career_clarity_score=bajo + placement_anxiety_score=alto,burnout_cat=alto,0.04155049914560662,0.5010845986984815,1.4592874942190717,3
daily_ai_tool_usage_hrs=alto + daily_study_hours=bajo,burnout_cat=alto,0.06340498246245166,0.5010660980810234,1.4592336156529333,2
ai_replaces_own_thinking_score=medio + uses_ai_for_assignments=frequently + weekly_job_application_count=alto,burnout_cat=alto,0.045147944959079055,0.500998003992016,1.4590353081160885,3
ai_replaces_own_thinking_score=medio + degree_type=b.sc/b.a/b.com + fear_of_job_loss_to_ai=alto,burnout_cat=alto,0.046317114848457595,0.5009727626459144,1.4589617988108754,3
ai_replaces_own_thinking_score=bajo + motivation_score=bajo,burnout_cat=alto,0.08453997661660222,0.500799147575919,1.4584561869818344,2
daily_study_hours=medio + interview_anxiety_score=alto + stream=cs/it,burnout_cat=alto,0.059627664358305604,0.5007552870090635,1.458328453707118,3
college_tier=tier_3 + placement_anxiety_score=alto + weekly_job_application_count=alto,burnout_cat=alto,0.10882273585754114,0.5006206040546132,1.4579362222323844,3
ai_replaces_own_thinking_score=medio + internship_experience=0,burnout_cat=alto,0.03633420271607159,0.5006195786864932,1.4579332360961546,2
ai_dependency_score=alto + career_clarity_score=medio + stress_level=medio,burnout_cat=alto,0.04119075456425938,0.5005464480874317,1.4577202609439897,3
career_clarity_score=medio + daily_ai_tool_usage_hrs=medio + motivation_score=bajo,burnout_cat=alto,0.04164043529094343,0.5005405405405405,1.457703056644911,3
career_clarity_score=medio + fear_of_job_loss_to_ai=alto + interview_anxiety_score=alto,burnout_cat=alto,0.08409029588991816,0.5005353319057816,1.4576878877580894,3
placement_anxiety_score=alto + resume_confidence_score=bajo + weekly_job_application_count=alto,burnout_cat=alto,0.12932817699433402,0.5005221023320571,1.457649359829791,3
ai_dependency_score=alto + daily_study_hours=medio + stream=cs/it,burnout_cat=alto,0.04559762568576311,0.5004935834155972,1.457566305394978,3
daily_ai_tool_usage_hrs=alto + fear_of_job_loss_to_ai=alto + sleep_hours=medio,burnout_cat=alto,0.08283118985520281,0.5002715915263444,1.4569198078002679,3
college_tier=tier_3 + degree_type=b.tech/b.e. + placement_anxiety_score=alto,burnout_cat=alto,0.05558053781814912,0.5,1.4561288632792038,3
career_clarity_score=bajo + stream=cs/it + weekly_job_application_count=alto,burnout_cat=alto,0.04793596546452019,0.5,1.4561288632792038,3
ai_dependency_score=medio + motivation_score=bajo + social_media_hrs_per_day=medio,burnout_cat=alto,0.04119075456425938,0.5,1.4561288632792038,3
ai_dependency_score=alto + career_clarity_score=medio + social_media_hrs_per_day=medio,burnout_cat=alto,0.030938033995862937,0.5,1.4561288632792038,3
